Event Name,Event Date,Rated,Round,Player 1,Player 2,Result
"TGE Armory Event","March 7, 2024, 7 p.m.","False",1,"Hawks, Dakota (86729596)","Stanley, isaac (67696938)","Player 2 Win"
"TGE Armory Event","March 7, 2024, 7 p.m.","False",2,"Stanley, isaac (67696938)","Lombardo, Gabriel (96352844)","Player 2 Win"
"TGE Armory Event","March 7, 2024, 7 p.m.","False",3,"Stanley, isaac (67696938)","Nelson, Legeand (12173288)","Player 2 Win"
"TGE On-Demand Draft","Feb. 29, 2024, 11 p.m.","False",1,"Stanley, isaac (67696938)","Hawks, Dakota (86729596)","Player 2 Win"
"TGE On-Demand Draft","Feb. 29, 2024, 11 p.m.","False",2,"Stanley, isaac (67696938)","Tharp, Daniel (37218473)","Player 2 Win"
"TGE On-Demand Draft","Feb. 29, 2024, 11 p.m.","False",3,"Stanley, isaac (67696938)","Lansangan, Nathaniel (12242261)","Player 2 Win"
"TGE Armory Event","Feb. 29, 2024, 7 p.m.","False",1,"Hawks, Dakota (86729596)","Stanley, isaac (67696938)","Player 1 Win"
"TGE Armory Event","Feb. 29, 2024, 7 p.m.","False",2,"Stanley, isaac (67696938)","Lombardo, Gabriel (96352844)","Player 2 Win"
"TGE Armory Event","Feb. 29, 2024, 7 p.m.","False",3,"McCoy, Chris (93772277)","Stanley, isaac (67696938)","Player 1 Win"
"TGE On-Demand Draft","Feb. 22, 2024, 10 p.m.","False",1,"Lombardo, Gabriel (96352844)","Stanley, isaac (67696938)","Player 1 Win"
"TGE On-Demand Draft","Feb. 22, 2024, 10 p.m.","False",2,"Stanley, isaac (67696938)","Semones, Zachary (71734921)","Player 1 Win"
"TGE On-Demand Draft","Feb. 22, 2024, 10 p.m.","False",3,"Hawks, Dakota (86729596)","Stanley, isaac (67696938)","Player 2 Win"
"TGE Armory Event","Feb. 22, 2024, 7 p.m.","False",1,"Stanley, isaac (67696938)","Lombardo, Gabriel (96352844)","Player 2 Win"
"TGE Armory Event","Feb. 22, 2024, 7 p.m.","False",2,"Stanley, isaac (67696938)","McCoy, Chris (93772277)","Player 2 Win"
"TGE Armory Event","Feb. 22, 2024, 7 p.m.","False",3,"Richard, Paden (43822525)","Stanley, isaac (67696938)","Player 1 Win"
"TGE Armory Event","Feb. 15, 2024, 7 p.m.","False",1,"Stanley, isaac (67696938)","Hawks, Dakota (86729596)","Player 1 Win"
"TGE Armory Event","Feb. 15, 2024, 7 p.m.","False",2,"Stanley, isaac (67696938)","Semones, Zachary (71734921)","Player 2 Win"
"TGE Armory Event","Feb. 15, 2024, 7 p.m.","False",3,"Stanley, isaac (67696938)","Lansangan, Nathaniel (12242261)","Player 2 Win"
"FAB Squad 3","Feb. 10, 2024, noon","False",1,"Stanley, isaac (67696938)","Baker, Ryan (59467933)","Player 1 Win"
"FAB Squad 3","Feb. 10, 2024, noon","False",2,"Stanley, isaac (67696938)","Weidinger, Chris (11759118)","Player 2 Win"
"FAB Squad 3","Feb. 10, 2024, noon","False",3,"Brushart, Logan (39642565)","Stanley, isaac (67696938)","Player 2 Win"
"FAB Squad 3","Feb. 10, 2024, noon","False",4,"Stanley, isaac (67696938)","Kohls, Matt (33466896)","Player 2 Win"
"FAB Squad 3","Feb. 10, 2024, noon","False",5,"Stanley, isaac (67696938)","Henry, Austin (93817747)","Player 2 Win"
"TGE Armory Event","Feb. 8, 2024, 7 p.m.","False",1,"Tharp, Daniel (37218473)","Stanley, isaac (67696938)","Player 2 Win"
"TGE Armory Event","Feb. 8, 2024, 7 p.m.","False",2,"Stanley, isaac (67696938)","Richard, Paden (43822525)","Player 2 Win"
"TGE Armory Event","Feb. 8, 2024, 7 p.m.","False",3,"Stamper, Patrick (98962536)","Stanley, isaac (67696938)","Player 1 Win"
"TGE On-Demand Draft","Feb. 1, 2024, 11:30 p.m.","False",1,"Lansangan, Nathaniel (12242261)","Stanley, isaac (67696938)","Player 1 Win"
"TGE On-Demand Draft","Feb. 1, 2024, 11:30 p.m.","False",2,"Stamper, Patrick (98962536)","Stanley, isaac (67696938)","Player 1 Win"
"TGE On-Demand Draft","Feb. 1, 2024, 11:30 p.m.","False",3,"McCoy, Chris (93772277)","Stanley, isaac (67696938)","Player 1 Win"
"TGE Armory Event","Feb. 1, 2024, 7 p.m.","False",1,"Stanley, isaac (67696938)","Tharp, Daniel (37218473)","Player 2 Win"
"TGE Armory Event","Feb. 1, 2024, 7 p.m.","False",2,"Stanley, isaac (67696938)","Wilborn, Granvul (95788316)","Player 1 Win"
"TGE Armory Event","Feb. 1, 2024, 7 p.m.","False",3,"Lombardo, Gabriel (96352844)","Stanley, isaac (67696938)","Player 2 Win"
"TGE Heavy Hitters Prerelease 2","Jan. 27, 2024, 6 p.m.","False",1,"Hawks, Dakota (86729596)","Stanley, isaac (67696938)","Player 1 Win"
"TGE Heavy Hitters Prerelease 2","Jan. 27, 2024, 6 p.m.","False",2,"Stamper, Patrick (98962536)","Stanley, isaac (67696938)","Player 1 Win"
"TGE Heavy Hitters Prerelease 2","Jan. 27, 2024, 6 p.m.","False",3,"Stanley, isaac (67696938)","Lansangan, Nathaniel (12242261)","Player 2 Win"
"TGE Heavy Hitters Prerelease","Jan. 27, 2024, 2 p.m.","False",1,"Lansangan, Nathaniel (12242261)","Stanley, isaac (67696938)","Player 1 Win"
"TGE Heavy Hitters Prerelease","Jan. 27, 2024, 2 p.m.","False",2,"Stanley, isaac (67696938)","Lombardo, Gabriel (96352844)","Player 2 Win"
"TGE Heavy Hitters Prerelease","Jan. 27, 2024, 2 p.m.","False",3,"Tharp, Daniel (37218473)","Stanley, isaac (67696938)","Player 1 Win"
"TGE Armory Event","Jan. 25, 2024, 7 p.m.","False",1,"Stanley, isaac (67696938)","Lansangan, Nathaniel (12242261)","Player 1 Win"
"TGE Armory Event","Jan. 25, 2024, 7 p.m.","False",2,"McCoy, Chris (93772277)","Stanley, isaac (67696938)","Player 1 Win"
"TGE Armory Event","Jan. 25, 2024, 7 p.m.","False",3,"Stanley, isaac (67696938)","Stamper, Patrick (98962536)","Player 2 Win"
"TGE Armory Event","Jan. 18, 2024, 7 p.m.","False",1,"Stanley, isaac (67696938)","Semones, Zachary (71734921)","Player 2 Win"
"TGE Armory Event","Jan. 18, 2024, 7 p.m.","False",2,"Lansangan, Nathaniel (12242261)","Stanley, isaac (67696938)","Player 1 Win"
"TGE Armory Event","Jan. 18, 2024, 7 p.m.","False",3,"Stanley, isaac (67696938)","None","Player 1 Win"
"TGE Ultimate Pit Fight","Jan. 16, 2024, 6 p.m.","False",1,"Semones, Zachary (71734921)","Stanley, isaac (67696938)","Player 2 Win"
"Thursday UPF Social Play","Jan. 12, 2024, 4:29 p.m.","False",1,"Stanley, isaac (67696938)","Peters, Michael (13722331)","Player 1 Win"
"TGE Armory Event","Jan. 11, 2024, 7 p.m.","False",1,"Lansangan, Nathaniel (12242261)","Stanley, isaac (67696938)","Player 1 Win"
"TGE Armory Event","Jan. 11, 2024, 7 p.m.","False",2,"Stanley, isaac (67696938)","Lombardo, Gabriel (96352844)","Player 2 Win"
"TGE Armory Event","Jan. 11, 2024, 7 p.m.","False",3,"Tharp, Daniel (37218473)","Stanley, isaac (67696938)","Player 2 Win"
"SUN 900 PTI - SCG CON Cincinnati","Jan. 7, 2024, 9 a.m.","False",1,"Rich, Ryan (61268882)","Stanley, isaac (67696938)","Player 1 Win"
"SUN 900 PTI - SCG CON Cincinnati","Jan. 7, 2024, 9 a.m.","False",2,"Stanley, isaac (67696938)","Jacks, Jayson (65481736)","Player 2 Win"
"SUN 900 PTI - SCG CON Cincinnati","Jan. 7, 2024, 9 a.m.","False",3,"Durham, Larry (32354778)","Stanley, isaac (67696938)","Player 2 Win"
"SUN 900 PTI - SCG CON Cincinnati","Jan. 7, 2024, 9 a.m.","False",4,"Lombardo, Gabriel (96352844)","Stanley, isaac (67696938)","Player 1 Win"
"SUN 900 PTI - SCG CON Cincinnati","Jan. 7, 2024, 9 a.m.","False",5,"Stanley, isaac (67696938)","hampson, Jacob (46224632)","Player 2 Win"
"SUN 900 PTI - SCG CON Cincinnati","Jan. 7, 2024, 9 a.m.","False",6,"Stevenson, Devin (22975731)","Stanley, isaac (67696938)","Player 2 Win"
"SUN 900 PTI - SCG CON Cincinnati","Jan. 7, 2024, 9 a.m.","False",7,"Fiefhaus, Silas (47612675)","Stanley, isaac (67696938)","Player 1 Win"
"SAT 900 Battle Hardened - SCG CON Cincinnati","Jan. 6, 2024, 9 a.m.","True",1,"STELL, SEAN (66211216)","Stanley, isaac (67696938)","Player 1 Win"
"SAT 900 Battle Hardened - SCG CON Cincinnati","Jan. 6, 2024, 9 a.m.","True",2,"Stanley, isaac (67696938)","Jones, Douglas (69329265)","Player 1 Win"
"SAT 900 Battle Hardened - SCG CON Cincinnati","Jan. 6, 2024, 9 a.m.","True",3,"Faris, Mara (57899695)","Stanley, isaac (67696938)","Player 1 Win"
"SAT 900 Battle Hardened - SCG CON Cincinnati","Jan. 6, 2024, 9 a.m.","True",4,"Stanley, isaac (67696938)","Michaud, Jonathan (58429935)","Player 1 Win"
"SAT 900 Battle Hardened - SCG CON Cincinnati","Jan. 6, 2024, 9 a.m.","True",5,"Rich, Ryan (61268882)","Stanley, isaac (67696938)","Player 1 Win"
"SAT 900 Battle Hardened - SCG CON Cincinnati","Jan. 6, 2024, 9 a.m.","True",6,"Roth, Gabe (38882847)","Stanley, isaac (67696938)","Player 1 Win"
"SAT 900 Battle Hardened - SCG CON Cincinnati","Jan. 6, 2024, 9 a.m.","True",7,"Stanley, isaac (67696938)","Sexton, Robert (67645478)","Player 1 Win"
"SAT 900 Battle Hardened - SCG CON Cincinnati","Jan. 6, 2024, 9 a.m.","True",8,"Giles, Summer (52115879)","Stanley, isaac (67696938)","Player 1 Win"
"TGE Flesh and Blood Armory","Jan. 4, 2024, 7 p.m.","False",1,"Richard, Paden (43822525)","Stanley, isaac (67696938)","Player 1 Win"
"TGE Flesh and Blood Armory","Jan. 4, 2024, 7 p.m.","False",2,"Hawks, Dakota (86729596)","Stanley, isaac (67696938)","Player 2 Win"
"TGE Flesh and Blood Armory","Jan. 4, 2024, 7 p.m.","False",3,"Stanley, isaac (67696938)","Lansangan, Nathaniel (12242261)","Player 1 Win"
"TGE Flesh and Blood Armory","Dec. 28, 2023, 7 p.m.","False",1,"Lombardo, Gabriel (96352844)","Stanley, isaac (67696938)","Player 2 Win"
"TGE Flesh and Blood Armory","Dec. 28, 2023, 7 p.m.","False",2,"Stanley, isaac (67696938)","Stamper, Patrick (98962536)","Player 2 Win"
"TGE Flesh and Blood Armory","Dec. 28, 2023, 7 p.m.","False",3,"Hawks, Dakota (86729596)","Stanley, isaac (67696938)","Player 1 Win"
"TGE Flesh and Blood Armory","Dec. 21, 2023, 7 p.m.","False",1,"Hawks, Dakota (86729596)","Stanley, isaac (67696938)","Player 2 Win"
"TGE Flesh and Blood Armory","Dec. 21, 2023, 7 p.m.","False",2,"Lansangan, Nathaniel (12242261)","Stanley, isaac (67696938)","Player 1 Win"
"TGE Flesh and Blood Armory","Dec. 21, 2023, 7 p.m.","False",3,"Stanley, isaac (67696938)","Lombardo, Gabriel (96352844)","Player 1 Win"
"TGE Flesh and Blood Armory","Dec. 14, 2023, 7 p.m.","False",1,"Stamper, Patrick (98962536)","Stanley, isaac (67696938)","Player 1 Win"
"TGE Flesh and Blood Armory","Dec. 14, 2023, 7 p.m.","False",2,"Stanley, isaac (67696938)","None","Player 1 Win"
"TGE Flesh and Blood Armory","Dec. 14, 2023, 7 p.m.","False",3,"Peters, Michael (13722331)","Stanley, isaac (67696938)","Player 1 Win"
"TGE Skirmish - Season 8","Dec. 9, 2023, noon","False",1,"Lombardo, Gabriel (96352844)","Stanley, isaac (67696938)","Player 2 Win"
"TGE Skirmish - Season 8","Dec. 9, 2023, noon","False",2,"Stanley, isaac (67696938)","Tharp, Daniel (37218473)","Player 1 Win"
"TGE Skirmish - Season 8","Dec. 9, 2023, noon","False",3,"Barger, Bryan (95315499)","Stanley, isaac (67696938)","Player 2 Win"
"TGE Flesh & Blood Armory","Dec. 7, 2023, 7 p.m.","False",1,"Tharp, Daniel (37218473)","Stanley, isaac (67696938)","Player 2 Win"
"TGE Flesh & Blood Armory","Dec. 7, 2023, 7 p.m.","False",2,"Stamper, Patrick (98962536)","Stanley, isaac (67696938)","Player 2 Win"
"TGE Flesh & Blood Armory","Dec. 7, 2023, 7 p.m.","False",3,"Stanley, isaac (67696938)","Barger, Bryan (95315499)","Player 2 Win"
"$10k Brawl","Dec. 2, 2023, 12:16 a.m.","False",1,"Stanley, isaac (67696938)","Grabow, TCGTed (62238898)","Player 2 Win"
"$10k Brawl","Dec. 2, 2023, 12:16 a.m.","False",2,"Stanley, isaac (67696938)","Henderson, Andrew (65499188)","Player 1 Win"
"$10k Brawl","Dec. 2, 2023, 12:16 a.m.","False",3,"Caplinger, Jakob (18758729)","Stanley, isaac (67696938)","Player 2 Win"
"$10k Brawl","Dec. 2, 2023, 12:16 a.m.","False",4,"Bracamontes, Ed (78561838)","Stanley, isaac (67696938)","Player 2 Win"
"$10k Brawl","Dec. 2, 2023, 12:16 a.m.","False",5,"Knight, Edward (25132425)","Stanley, isaac (67696938)","Player 2 Win"
"$10k Brawl","Dec. 2, 2023, 12:16 a.m.","False",6,"Baker, Ryan (59467933)","Stanley, isaac (67696938)","Player 1 Win"
"$10k Brawl","Dec. 2, 2023, 12:16 a.m.","False",7,"Holmes, Eric (63962153)","Stanley, isaac (67696938)","Player 2 Win"
"$10k Brawl","Dec. 2, 2023, 12:16 a.m.","False",8,"Hendricks, Tommy (56866858)","Stanley, isaac (67696938)","Player 1 Win"
"$20k Invitational","Dec. 1, 2023, 12:14 a.m.","False",1,"Stanley, isaac (67696938)","Brummett, Chris (55982578)","Player 1 Win"
"$20k Invitational","Dec. 1, 2023, 12:14 a.m.","False",2,"Feng, Michael (51553785)","Stanley, isaac (67696938)","Player 2 Win"
"$20k Invitational","Dec. 1, 2023, 12:14 a.m.","False",3,"Johnson, Mark (23894321)","Stanley, isaac (67696938)","Player 1 Win"
"$20k Invitational","Dec. 1, 2023, 12:14 a.m.","False",4,"Stanley, isaac (67696938)","Faris, Mara (57899695)","Player 2 Win"
"$20k Invitational","Dec. 1, 2023, 12:14 a.m.","False",5,"bithell, jamie (91847634)","Stanley, isaac (67696938)","Player 1 Win"
"$20k Invitational","Dec. 1, 2023, 12:14 a.m.","False",6,"Stanley, isaac (67696938)","Bodee, Roger (87757911)","Player 1 Win"
"$20k Invitational","Dec. 1, 2023, 12:14 a.m.","False",7,"Oswald, Lucas (73894792)","Stanley, isaac (67696938)","Player 1 Win"
"TGE Flesh & Blood Armory Event","Nov. 30, 2023, 7 p.m.","False",1,"Stanley, isaac (67696938)","Stamper, Patrick (98962536)","Player 2 Win"
"TGE Flesh & Blood Armory Event","Nov. 30, 2023, 7 p.m.","False",2,"Stanley, isaac (67696938)","Barger, Bryan (95315499)","Player 2 Win"
"TGE Flesh & Blood Armory Event","Nov. 30, 2023, 7 p.m.","False",3,"Lombardo, Gabriel (96352844)","Stanley, isaac (67696938)","Player 2 Win"
"TGE Flesh & Blood Armory Event","Nov. 16, 2023, 7 p.m.","False",1,"Stanley, isaac (67696938)","Tharp, Daniel (37218473)","Player 2 Win"
"TGE Flesh & Blood Armory Event","Nov. 16, 2023, 7 p.m.","False",2,"Hawks, Dakota (86729596)","Stanley, isaac (67696938)","Player 2 Win"
"TGE Flesh & Blood Armory Event","Nov. 16, 2023, 7 p.m.","False",3,"Stanley, isaac (67696938)","Lombardo, Gabriel (96352844)","Player 2 Win"
"TGE Flesh & Blood Armory Event","Nov. 9, 2023, 7 p.m.","False",1,"Lansangan, Nathaniel (12242261)","Stanley, isaac (67696938)","Player 2 Win"
"TGE Flesh & Blood Armory Event","Nov. 9, 2023, 7 p.m.","False",2,"Stanley, isaac (67696938)","Tharp, Daniel (37218473)","Player 1 Win"
"TGE Flesh & Blood Armory Event","Nov. 9, 2023, 7 p.m.","False",3,"Stanley, isaac (67696938)","Lombardo, Gabriel (96352844)","Player 2 Win"
"TGE Flesh & Blood Armory Event","Nov. 2, 2023, 7 p.m.","False",1,"Stamper, Patrick (98962536)","Stanley, isaac (67696938)","Player 2 Win"
"TGE Flesh & Blood Armory Event","Nov. 2, 2023, 7 p.m.","False",2,"Stanley, isaac (67696938)","Richard, Paden (43822525)","Player 1 Win"
"TGE Flesh & Blood Armory Event","Nov. 2, 2023, 7 p.m.","False",3,"Hawks, Dakota (86729596)","Stanley, isaac (67696938)","Player 1 Win"
"TGE RTI ($20K Qualifier)","Oct. 29, 2023, noon","False",1,"Wilborn, Granvul (95788316)","Stanley, isaac (67696938)","Player 2 Win"
"TGE Flesh and Blood Armory Event","Oct. 26, 2023, 7 p.m.","False",1,"Richard, Paden (43822525)","Stanley, isaac (67696938)","Player 1 Win"
"TGE Flesh and Blood Armory Event","Oct. 26, 2023, 7 p.m.","False",2,"Stanley, isaac (67696938)","Lombardo, Gabriel (96352844)","Player 1 Win"
"TGE Flesh and Blood Armory Event","Oct. 26, 2023, 7 p.m.","False",3,"Stamper, Patrick (98962536)","Stanley, isaac (67696938)","Player 2 Win"
"pro quest","Oct. 22, 2023, 1 p.m.","True",1,"Stanley, isaac (67696938)","Franks, Michael (26933478)","Player 1 Win"
"pro quest","Oct. 22, 2023, 1 p.m.","True",2,"McCoy, Dean (29282333)","Stanley, isaac (67696938)","Player 2 Win"
"pro quest","Oct. 22, 2023, 1 p.m.","True",3,"Stanley, isaac (67696938)","Isaacs, Holden (26142484)","Player 1 Win"
"pro quest","Oct. 22, 2023, 1 p.m.","True",4,"Stanley, isaac (67696938)","Nilsson, Ted (82232631)","Player 2 Win"
"pro quest","Oct. 22, 2023, 1 p.m.","True",1,"Stanley, isaac (67696938)","Franks, Marit (22323798)","Player 1 Win"
"pro quest","Oct. 22, 2023, 1 p.m.","True",2,"Nilsson, Ted (82232631)","Stanley, isaac (67696938)","Player 1 Win"
"Epic Loot Games Pro Quest 4 Draft","Oct. 21, 2023, noon","True",1,"Stanley, isaac (67696938)","Borns, Alex (18418311)","Player 1 Win"
"Epic Loot Games Pro Quest 4 Draft","Oct. 21, 2023, noon","True",2,"Levy, Douglas (92834361)","Stanley, isaac (67696938)","Player 1 Win"
"Epic Loot Games Pro Quest 4 Draft","Oct. 21, 2023, noon","True",3,"Carden, Alyssa (13651875)","Stanley, isaac (67696938)","Player 1 Win"
"Epic Loot Games Pro Quest 4 Draft","Oct. 21, 2023, noon","True",4,"Stanley, isaac (67696938)","Powell, Justin (68154997)","Player 1 Win"
"Epic Loot Games Pro Quest 4 Draft","Oct. 21, 2023, noon","True",5,"Steele, Nicholas (45755586)","Stanley, isaac (67696938)","Player 1 Win"
"Epic Loot Games Pro Quest 4 Draft","Oct. 21, 2023, noon","True",6,"Stanley, isaac (67696938)","Merold, Brett (33728773)","Player 2 Win"
"TGE Flesh and Blood Armory Event","Oct. 19, 2023, 7 p.m.","False",1,"Lansangan, Nathaniel (12242261)","Stanley, isaac (67696938)","Player 2 Win"
"TGE Flesh and Blood Armory Event","Oct. 19, 2023, 7 p.m.","False",2,"Hawks, Dakota (86729596)","Stanley, isaac (67696938)","Player 2 Win"
"TGE Flesh and Blood Armory Event","Oct. 19, 2023, 7 p.m.","False",3,"Stamper, Patrick (98962536)","Stanley, isaac (67696938)","Player 1 Win"
"TGE Flesh and Blood Armory Event","Oct. 12, 2023, 7 p.m.","False",1,"Stanley, isaac (67696938)","Hawks, Dakota (86729596)","Player 2 Win"
"TGE Flesh and Blood Armory Event","Oct. 12, 2023, 7 p.m.","False",2,"Lombardo, Gabriel (96352844)","Stanley, isaac (67696938)","Player 2 Win"
"TGE Flesh and Blood Armory Event","Oct. 12, 2023, 7 p.m.","False",3,"Richard, Paden (43822525)","Stanley, isaac (67696938)","Player 2 Win"
"Weekly Armory at Gr8r Gaming!","Oct. 7, 2023, 6:30 p.m.","False",1,"Underwood, Jonathan (14544599)","Stanley, isaac (67696938)","Player 1 Win"
"Weekly Armory at Gr8r Gaming!","Oct. 7, 2023, 6:30 p.m.","False",2,"Harper, Anthony (44672371)","Stanley, isaac (67696938)","Player 1 Win"
"Weekly Armory at Gr8r Gaming!","Oct. 7, 2023, 6:30 p.m.","False",3,"Shaffer, Justin (34856571)","Stanley, isaac (67696938)","Player 2 Win"
"TGE Flesh and Blood Armory Event","Oct. 5, 2023, 7 p.m.","False",1,"Stanley, isaac (67696938)","Hawks, Dakota (86729596)","Player 2 Win"
"TGE Flesh and Blood Armory Event","Oct. 5, 2023, 7 p.m.","False",2,"Semones, Zachary (71734921)","Stanley, isaac (67696938)","Player 1 Win"
"TGE Flesh and Blood Armory Event","Oct. 5, 2023, 7 p.m.","False",3,"Stanley, isaac (67696938)","Lombardo, Gabriel (96352844)","Player 1 Win"
"TGE Bright Lights Prerelease","Oct. 2, 2023, 6 p.m.","False",1,"Hill, Terrence (84624996)","Stanley, isaac (67696938)","Draw"
"TGE Bright Lights Prerelease","Oct. 2, 2023, 6 p.m.","False",2,"Tharp, Daniel (37218473)","Stanley, isaac (67696938)","Player 2 Win"
"TGE Bright Lights Prerelease","Oct. 2, 2023, 6 p.m.","False",3,"Hawks, Dakota (86729596)","Stanley, isaac (67696938)","Player 2 Win"
"TGE Flesh & Blood Armory Event","Sept. 28, 2023, 7 p.m.","False",1,"Lansangan, Nathaniel (12242261)","Stanley, isaac (67696938)","Player 1 Win"
"TGE Flesh & Blood Armory Event","Sept. 28, 2023, 7 p.m.","False",2,"Hawks, Dakota (86729596)","Stanley, isaac (67696938)","Player 2 Win"
"TGE Flesh & Blood Armory Event","Sept. 28, 2023, 7 p.m.","False",3,"Mcwhorter, Justin (51626117)","Stanley, isaac (67696938)","Player 2 Win"
"TGE Flesh & Blood Armory Event","Sept. 21, 2023, 7 p.m.","False",1,"Stanley, isaac (67696938)","Stamper, Patrick (98962536)","Player 1 Win"
"TGE Flesh & Blood Armory Event","Sept. 21, 2023, 7 p.m.","False",2,"Stanley, isaac (67696938)","Hawks, Dakota (86729596)","Player 2 Win"
"TGE Flesh & Blood Armory Event","Sept. 21, 2023, 7 p.m.","False",3,"Stanley, isaac (67696938)","Lansangan, Nathaniel (12242261)","Player 2 Win"
"Welcome to FAB at Gr8r Gaming!","Sept. 16, 2023, 6:30 p.m.","False",1,"Stanley, isaac (67696938)","Shaffer, Justin (34856571)","Player 2 Win"
"Welcome to FAB at Gr8r Gaming!","Sept. 16, 2023, 6:30 p.m.","False",2,"Stanley, isaac (67696938)","None","Player 1 Win"
"Welcome to FAB at Gr8r Gaming!","Sept. 16, 2023, 6:30 p.m.","False",3,"Underwood, Jonathan (14544599)","Stanley, isaac (67696938)","Player 1 Win"
"TGE Flesh & Blood Armory Event","Sept. 14, 2023, 7 p.m.","False",1,"Stanley, isaac (67696938)","Tharp, Daniel (37218473)","Player 1 Win"
"TGE Flesh & Blood Armory Event","Sept. 14, 2023, 7 p.m.","False",2,"McCoy, Chris (98417846)","Stanley, isaac (67696938)","Player 1 Win"
"TGE Flesh & Blood Armory Event","Sept. 14, 2023, 7 p.m.","False",3,"Stamper, Patrick (98962536)","Stanley, isaac (67696938)","Player 2 Win"
"TGE Flesh & Blood Armory Event","Sept. 7, 2023, 7 p.m.","False",1,"Lombardo, Gabriel (96352844)","Stanley, isaac (67696938)","Player 1 Win"
"TGE Flesh & Blood Armory Event","Sept. 7, 2023, 7 p.m.","False",2,"Stanley, isaac (67696938)","None","Player 1 Win"
"TGE Flesh & Blood Armory Event","Sept. 7, 2023, 7 p.m.","False",3,"Hawks, Dakota (86729596)","Stanley, isaac (67696938)","Player 2 Win"
"TGE Flesh & Blood Armory Event","Sept. 7, 2023, 7 p.m.","False",4,"Stamper, Patrick (98962536)","Stanley, isaac (67696938)","Player 1 Win"
"TGE Flesh & Blood Armory Event","Aug. 31, 2023, 7 p.m.","False",1,"Stamper, Patrick (98962536)","Stanley, isaac (67696938)","Player 2 Win"
"TGE Flesh & Blood Armory Event","Aug. 31, 2023, 7 p.m.","False",2,"Hawks, Dakota (86729596)","Stanley, isaac (67696938)","Player 1 Win"
"TGE Flesh & Blood Armory Event","Aug. 31, 2023, 7 p.m.","False",3,"Stanley, isaac (67696938)","Lansangan, Nathaniel (12242261)","Player 1 Win"
"Thursday Flesh and Blood Locals","Aug. 25, 2023, 11 a.m.","False",1,"Stanley, isaac (67696938)","None","Player 1 Win"
"Thursday Flesh and Blood Locals","Aug. 25, 2023, 11 a.m.","False",2,"Stanley, isaac (67696938)","Tharp, Daniel (37218473)","Player 2 Win"
"Thursday Flesh and Blood Locals","Aug. 25, 2023, 11 a.m.","False",3,"Stanley, isaac (67696938)","Stamper, Patrick (98962536)","Player 2 Win"
"L.R.G 8.19.23 1K","Aug. 19, 2023, 11 a.m.","False",1,"Lonas, Cory (49666748)","Stanley, isaac (67696938)","Player 2 Win"
"L.R.G 8.19.23 1K","Aug. 19, 2023, 11 a.m.","False",2,"Stanley, isaac (67696938)","Snyder, Nathaniel (21971223)","Player 1 Win"
"L.R.G 8.19.23 1K","Aug. 19, 2023, 11 a.m.","False",3,"Postlewaite, Robert (57591531)","Stanley, isaac (67696938)","Player 2 Win"
"L.R.G 8.19.23 1K","Aug. 19, 2023, 11 a.m.","False",4,"Puckett, Matthew (69283994)","Stanley, isaac (67696938)","Player 2 Win"
"L.R.G 8.19.23 1K","Aug. 19, 2023, 11 a.m.","False",5,"Stanley, isaac (67696938)","Bray, Thomas (21954444)","Player 2 Win"
"L.R.G 8.19.23 1K","Aug. 19, 2023, 11 a.m.","False",1,"Stanley, isaac (67696938)","Postlewaite, Robert (57591531)","Player 2 Win"
"TGE Flesh & Blood Armory CC","Aug. 17, 2023, 7 p.m.","False",1,"Hawks, Dakota (86729596)","Stanley, isaac (67696938)","Player 2 Win"
"TGE Flesh & Blood Armory CC","Aug. 17, 2023, 7 p.m.","False",2,"Stamper, Patrick (98962536)","Stanley, isaac (67696938)","Player 2 Win"
"TGE Flesh & Blood Armory CC","Aug. 17, 2023, 7 p.m.","False",3,"Stanley, isaac (67696938)","Lansangan, Nathaniel (12242261)","Player 1 Win"
"TGE Flesh & Blood Armory CC","Aug. 10, 2023, 7 a.m.","False",1,"Mcwhorter, Justin (51626117)","Stanley, isaac (67696938)","Player 2 Win"
"TGE Flesh & Blood Armory CC","Aug. 10, 2023, 7 a.m.","False",2,"Lombardo, Gabriel (96352844)","Stanley, isaac (67696938)","Player 2 Win"
"TGE Flesh & Blood Armory CC","Aug. 10, 2023, 7 a.m.","False",3,"Stanley, isaac (67696938)","McCoy, Chris (93772277)","Player 2 Win"
"TGE Season 7 Skirmish - Blitz","Aug. 6, 2023, noon","False",1,"Stanley, isaac (67696938)","Snyder, Nathaniel (21971223)","Player 2 Win"
"TGE Season 7 Skirmish - Blitz","Aug. 6, 2023, noon","False",2,"Stanley, isaac (67696938)","Reid, Jacob (25518728)","Player 1 Win"
"TGE Season 7 Skirmish - Blitz","Aug. 6, 2023, noon","False",3,"Stanley, isaac (67696938)","Lombardo, Gabriel (96352844)","Player 1 Win"
"TGE Season 7 Skirmish - Blitz","Aug. 6, 2023, noon","False",4,"Lansangan, Nathaniel (12242261)","Stanley, isaac (67696938)","Player 1 Win"
"TGE Flesh & Blood Armory CC","Aug. 3, 2023, 7 p.m.","False",1,"Tharp, Daniel (37218473)","Stanley, isaac (67696938)","Player 1 Win"
"TGE Flesh & Blood Armory CC","Aug. 3, 2023, 7 p.m.","False",2,"Richard, Paden (43822525)","Stanley, isaac (67696938)","Player 2 Win"
"TGE Flesh & Blood Armory CC","Aug. 3, 2023, 7 p.m.","False",3,"Hawks, Dakota (86729596)","Stanley, isaac (67696938)","Player 1 Win"
"TGE Flesh & Blood Armory CC","July 27, 2023, 7 p.m.","False",1,"Stamper, Patrick (98962536)","Stanley, isaac (67696938)","Player 1 Win"
"TGE Flesh & Blood Armory CC","July 27, 2023, 7 p.m.","False",2,"Tharp, Daniel (37218473)","Stanley, isaac (67696938)","Player 2 Win"
"TGE Flesh & Blood Armory CC","July 27, 2023, 7 p.m.","False",3,"Koch, Joseph (57652364)","Stanley, isaac (67696938)","Player 2 Win"
"TGE Flesh & Blood Armory CC","July 20, 2023, 7 p.m.","False",1,"Stanley, isaac (67696938)","Lombardo, Gabriel (96352844)","Player 1 Win"
"TGE Flesh & Blood Armory CC","July 20, 2023, 7 p.m.","False",2,"Stanley, isaac (67696938)","Koch, Joseph (57652364)","Player 1 Win"
"TGE Flesh & Blood Armory CC","July 20, 2023, 7 p.m.","False",3,"Stanley, isaac (67696938)","Hawks, Dakota (86729596)","Player 1 Win"
"SAT 930 Battle Hardened - SCG CON Cincinnati","July 15, 2023, 9:30 a.m.","True",1,"Stanley, isaac (67696938)","Dando, Sam (14163634)","Player 2 Win"
"SAT 930 Battle Hardened - SCG CON Cincinnati","July 15, 2023, 9:30 a.m.","True",2,"Stanley, isaac (67696938)","Kolb, Joshua (98146423)","Player 1 Win"
"SAT 930 Battle Hardened - SCG CON Cincinnati","July 15, 2023, 9:30 a.m.","True",3,"Richard, Paden (43822525)","Stanley, isaac (67696938)","Player 1 Win"
"SAT 930 Battle Hardened - SCG CON Cincinnati","July 15, 2023, 9:30 a.m.","True",4,"McDaniel, Travis (12467529)","Stanley, isaac (67696938)","Player 1 Win"
"SAT 930 Battle Hardened - SCG CON Cincinnati","July 15, 2023, 9:30 a.m.","True",5,"Stanley, isaac (67696938)","Wilson, Eric (77966631)","Player 1 Win"
"SAT 930 Battle Hardened - SCG CON Cincinnati","July 15, 2023, 9:30 a.m.","True",6,"Stanley, isaac (67696938)","McAtee, Devin (16146541)","Player 1 Win"
"SAT 930 Battle Hardened - SCG CON Cincinnati","July 15, 2023, 9:30 a.m.","True",7,"Stanley, isaac (67696938)","Levy, Joshua (98839236)","Player 2 Win"
"Thursday Flesh & Blood locals","July 12, 2023, 7 p.m.","False",1,"Stanley, isaac (67696938)","None","Player 1 Win"
"Thursday Flesh & Blood locals","July 12, 2023, 7 p.m.","False",2,"Stanley, isaac (67696938)","Stamper, Patrick (98962536)","Player 1 Win"
"Thursday Flesh & Blood locals","July 12, 2023, 7 p.m.","False",3,"Stanley, isaac (67696938)","Tharp, Daniel (37218473)","Player 1 Win"
"War of the Monarch prerelease draft #3","July 9, 2023, 1:51 p.m.","False",1,"Stanley, isaac (67696938)","McCoy, Chris (93772277)","Player 2 Win"
"War of the Monarch prerelease draft #3","July 9, 2023, 1:51 p.m.","False",2,"Lansangan, Nathaniel (12242261)","Stanley, isaac (67696938)","Player 2 Win"
"War of the Monarch prerelease draft #3","July 9, 2023, 1:51 p.m.","False",3,"Lombardo, Gabriel (96352844)","Stanley, isaac (67696938)","Player 2 Win"
"War of the Monarch draft #2","July 9, 2023, 11:13 a.m.","False",1,"Lansangan, Nathaniel (12242261)","Stanley, isaac (67696938)","Player 2 Win"
"War of the Monarch draft #2","July 9, 2023, 11:13 a.m.","False",2,"Stanley, isaac (67696938)","Lombardo, Gabriel (96352844)","Player 1 Win"
"War of the Monarch draft #2","July 9, 2023, 11:13 a.m.","False",3,"Stanley, isaac (67696938)","Hawks, Dakota (86729596)","Player 1 Win"
"TGE War of the Monarch Prerelease","July 8, 2023, 4 p.m.","False",1,"Hawks, Dakota (86729596)","Stanley, isaac (67696938)","Player 2 Win"
"TGE War of the Monarch Prerelease","July 8, 2023, 4 p.m.","False",2,"Lansangan, Nathaniel (12242261)","Stanley, isaac (67696938)","Player 2 Win"
"TGE War of the Monarch Prerelease","July 8, 2023, 4 p.m.","False",3,"Stanley, isaac (67696938)","Stamper, Patrick (98962536)","Player 1 Win"
"Draft on demand","July 7, 2023, 2:21 p.m.","False",1,"Stanley, isaac (67696938)","McCoy, Chris (93772277)","Player 2 Win"
"Draft on demand","July 7, 2023, 2:21 p.m.","False",2,"Tharp, Daniel (37218473)","Stanley, isaac (67696938)","Player 2 Win"
"Draft on demand","July 7, 2023, 2:21 p.m.","False",3,"Lansangan, Nathaniel (12242261)","Stanley, isaac (67696938)","Player 1 Win"
"Thursday Flesh and Blood Locals","July 7, 2023, 11:03 a.m.","False",1,"Hawks, Dakota (86729596)","Stanley, isaac (67696938)","Player 1 Win"
"Thursday Flesh and Blood Locals","July 7, 2023, 11:03 a.m.","False",2,"Stanley, isaac (67696938)","Stamper, Patrick (98962536)","Player 1 Win"
"Thursday Flesh and Blood Locals","July 7, 2023, 11:03 a.m.","False",3,"Tharp, Daniel (37218473)","Stanley, isaac (67696938)","Player 1 Win"
"TGE On-Demand Draft","June 29, 2023, 11 p.m.","False",1,"Stanley, isaac (67696938)","McCoy, Chris (93772277)","Player 2 Win"
"TGE On-Demand Draft","June 29, 2023, 11 p.m.","False",2,"Stanley, isaac (67696938)","Lombardo, Gabriel (96352844)","Player 1 Win"
"TGE On-Demand Draft","June 29, 2023, 11 p.m.","False",3,"Stamper, Patrick (98962536)","Stanley, isaac (67696938)","Player 2 Win"
"Thursday Flesh & Blood locals","June 29, 2023, 7 p.m.","False",1,"Stanley, isaac (67696938)","Stamper, Patrick (98962536)","Player 2 Win"
"Thursday Flesh & Blood locals","June 29, 2023, 7 p.m.","False",2,"Stanley, isaac (67696938)","Lansangan, Nathaniel (12242261)","Draw"
"Thursday Flesh & Blood locals","June 29, 2023, 7 p.m.","False",3,"Stanley, isaac (67696938)","None","Player 1 Win"
"Thursday Flesh and Blood Locals","June 23, 2023, 10:04 a.m.","False",1,"Hawks, Dakota (86729596)","Stanley, isaac (67696938)","Player 1 Win"
"Thursday Flesh and Blood Locals","June 23, 2023, 10:04 a.m.","False",2,"McCoy, Chris (93772277)","Stanley, isaac (67696938)","Player 2 Win"
"Thursday Flesh and Blood Locals","June 23, 2023, 10:04 a.m.","False",3,"Stanley, isaac (67696938)","Richard, Paden (43822525)","Player 1 Win"
"TGE Flesh & Blood locals","June 15, 2023, 7 p.m.","False",1,"Stanley, isaac (67696938)","None","Player 1 Win"
"TGE Flesh & Blood locals","June 15, 2023, 7 p.m.","False",2,"Stanley, isaac (67696938)","Stamper, Patrick (98962536)","Player 2 Win"
"TGE Flesh & Blood locals","June 15, 2023, 7 p.m.","False",3,"Stanley, isaac (67696938)","Richard, Paden (43822525)","Player 1 Win"
"Thursday Monarch Draft","June 9, 2023, 4:16 p.m.","False",1,"Hawks, Dakota (86729596)","Stanley, isaac (67696938)","Player 1 Win"
"Thursday Monarch Draft","June 9, 2023, 4:16 p.m.","False",2,"Lombardo, Gabriel (29894843)","Stanley, isaac (67696938)","Player 2 Win"
"Thursday Monarch Draft","June 9, 2023, 4:16 p.m.","False",3,"McCoy, Chris (93772277)","Stanley, isaac (67696938)","Player 2 Win"
"Thursday Flesh and Blood Locals","June 9, 2023, 9:53 a.m.","False",1,"Stamper, Patrick (98962536)","Stanley, isaac (67696938)","Player 1 Win"
"Thursday Flesh and Blood Locals","June 9, 2023, 9:53 a.m.","False",2,"McCoy, Chris (93772277)","Stanley, isaac (67696938)","Player 1 Win"
"Thursday Flesh and Blood Locals","June 9, 2023, 9:53 a.m.","False",3,"Lombardo, Gabriel (29894843)","Stanley, isaac (67696938)","Player 1 Win"
"CM Games Road to Nationals! 2023","May 27, 2023, noon","True",1,"Shoopman, Eric (51439173)","Stanley, isaac (67696938)","Player 1 Win"
"CM Games Road to Nationals! 2023","May 27, 2023, noon","True",2,"Pieratt, Garrett (15751269)","Stanley, isaac (67696938)","Player 1 Win"
"CM Games Road to Nationals! 2023","May 27, 2023, noon","True",3,"Fiefhaus, Silas (47612675)","Stanley, isaac (67696938)","Player 2 Win"
"CM Games Road to Nationals! 2023","May 27, 2023, noon","True",4,"Stanley, isaac (67696938)","Lansangan, Nathaniel (12242261)","Player 2 Win"
"CM Games Road to Nationals! 2023","May 27, 2023, noon","True",5,"Stanley, isaac (67696938)","Rhoda, Shane (96436429)","Player 2 Win"
"CM Games Road to Nationals! 2023","May 27, 2023, noon","True",6,"Augspurger, Seth (34227191)","Stanley, isaac (67696938)","Player 1 Win"
"Thursday Flesh and Blood Locals","May 26, 2023, 6:28 p.m.","False",1,"McCoy, Chris (93772277)","Stanley, isaac (67696938)","Player 1 Win"
"Thursday Flesh and Blood Locals","May 26, 2023, 6:28 p.m.","False",2,"Hawks, Dakota (86729596)","Stanley, isaac (67696938)","Player 2 Win"
"Thursday Flesh and Blood Locals","May 26, 2023, 6:28 p.m.","False",3,"Stanley, isaac (67696938)","Lombardo, Gabriel (29894843)","Player 1 Win"
"Thursday Flesh and Blood Locals","May 26, 2023, 2:34 p.m.","False",1,"Stanley, isaac (67696938)","Lansangan, Nathaniel (12242261)","Player 2 Win"
"Thursday Flesh and Blood Locals","May 26, 2023, 2:34 p.m.","False",2,"Stanley, isaac (67696938)","None","Player 1 Win"
"Thursday Flesh and Blood Locals","May 26, 2023, 2:34 p.m.","False",3,"Hawks, Dakota (86729596)","Stanley, isaac (67696938)","Player 1 Win"
"Thursday Flesh and Blood Locals","May 25, 2023, 10:31 a.m.","False",1,"Stanley, isaac (67696938)","Richard, Paden (43822525)","Player 1 Win"
"Thursday Flesh and Blood Locals","May 25, 2023, 10:31 a.m.","False",2,"Stanley, isaac (67696938)","Tharp, Daniel (37218473)","Player 1 Win"
"Thursday Flesh and Blood Locals","May 25, 2023, 10:31 a.m.","False",3,"Hawks, Dakota (86729596)","Stanley, isaac (67696938)","Player 1 Win"
"Beyond the Board - RTN - Draft","May 20, 2023, 11:30 a.m.","True",1,"Knecht, Bryan (55254252)","Stanley, isaac (67696938)","Player 1 Win"
"Beyond the Board - RTN - Draft","May 20, 2023, 11:30 a.m.","True",2,"Walker, Jessica (28762214)","Stanley, isaac (67696938)","Player 2 Win"
"Beyond the Board - RTN - Draft","May 20, 2023, 11:30 a.m.","True",3,"Kohls, Matt (33466896)","Stanley, isaac (67696938)","Player 1 Win"
"Beyond the Board - RTN - Draft","May 20, 2023, 11:30 a.m.","True",4,"Stanley, isaac (67696938)","Barman, Drew (88588811)","Player 1 Win"
"Beyond the Board - RTN - Draft","May 20, 2023, 11:30 a.m.","True",5,"French, Mae (41452629)","Stanley, isaac (67696938)","Player 1 Win"
"Beyond the Board - RTN - Draft","May 20, 2023, 11:30 a.m.","True",6,"Stanley, isaac (67696938)","Copp, Derek (22354411)","Player 1 Win"
"Draft on demand","May 19, 2023, 2:06 p.m.","False",1,"Stanley, isaac (67696938)","None","Player 1 Win"
"Draft on demand","May 19, 2023, 2:06 p.m.","False",2,"Stanley, isaac (67696938)","Richard, Paden (43822525)","Player 2 Win"
"Draft on demand","May 19, 2023, 2:06 p.m.","False",3,"Stanley, isaac (67696938)","Stamper, Patrick (98962536)","Player 2 Win"
"Thursday Flesh and Blood Locals","May 19, 2023, 9:49 a.m.","False",1,"Stanley, isaac (67696938)","McCoy, Chris (93772277)","Player 2 Win"
"Thursday Flesh and Blood Locals","May 19, 2023, 9:49 a.m.","False",2,"Stanley, isaac (67696938)","Semones, Zachary (71734921)","Player 2 Win"
"Thursday Flesh and Blood Locals","May 19, 2023, 9:49 a.m.","False",3,"Stanley, isaac (67696938)","Stamper, Patrick (98962536)","Player 2 Win"
"TGE Draft On-Demand","May 19, 2023, 12:45 a.m.","False",1,"Stanley, isaac (67696938)","Hawks, Dakota (86729596)","Player 1 Win"
"TGE Draft On-Demand","May 19, 2023, 12:45 a.m.","False",2,"Lansangan, Nathaniel (12242261)","Stanley, isaac (67696938)","Player 1 Win"
"TGE Draft On-Demand","May 19, 2023, 12:45 a.m.","False",3,"McCoy, Chris (93772277)","Stanley, isaac (67696938)","Player 1 Win"
"Thursday Flesh & Blood locals","May 12, 2023, 9:46 a.m.","False",1,"Stanley, isaac (67696938)","Stamper, Patrick (98962536)","Player 2 Win"
"Thursday Flesh & Blood locals","May 12, 2023, 9:46 a.m.","False",2,"Lombardo, Gabriel (96352844)","Stanley, isaac (67696938)","Player 1 Win"
"Thursday Flesh & Blood locals","May 12, 2023, 9:46 a.m.","False",3,"McCoy, Chris (93772277)","Stanley, isaac (67696938)","Player 1 Win"
"TGE On-Demand CC","May 11, 2023, 10:30 p.m.","False",1,"McCoy, Chris (93772277)","Stanley, isaac (67696938)","Player 1 Win"
"TGE On-Demand CC","May 11, 2023, 10:30 p.m.","False",2,"Richard, Paden (43822525)","Stanley, isaac (67696938)","Player 2 Win"
"TGE On-Demand CC","May 11, 2023, 10:30 p.m.","False",3,"Lansangan, Nathaniel (12242261)","Stanley, isaac (67696938)","Player 1 Win"
"Thursday Flesh and Blood on Demand","May 5, 2023, 3:39 p.m.","False",1,"Lombardo, Gabriel (96352844)","Stanley, isaac (67696938)","Player 2 Win"
"Thursday Flesh and Blood on Demand","May 5, 2023, 3:39 p.m.","False",2,"Hawks, Dakota (86729596)","Stanley, isaac (67696938)","Player 2 Win"
"Thursday Flesh and Blood on Demand","May 5, 2023, 3:39 p.m.","False",3,"Tharp, Daniel (37218473)","Stanley, isaac (67696938)","Player 1 Win"
"Thursday Flesh and Blood Locals","May 4, 2023, 7 p.m.","False",1,"Stanley, isaac (67696938)","None","Player 1 Win"
"Thursday Flesh and Blood Locals","May 4, 2023, 7 p.m.","False",2,"Stanley, isaac (67696938)","Richard, Paden (43822525)","Player 2 Win"
"Thursday Flesh and Blood Locals","May 4, 2023, 7 p.m.","False",3,"Stanley, isaac (67696938)","Lansangan, Nathaniel (12242261)","Player 2 Win"
"Thursday Flesh and Blood Locals","May 4, 2023, 7 p.m.","False",4,"Stanley, isaac (67696938)","McCoy, Chris (93772277)","Player 2 Win"
"Draft on demand","April 28, 2023, 2:27 p.m.","False",1,"Stanley, isaac (67696938)","Hawks, Dakota (86729596)","Player 2 Win"
"Draft on demand","April 28, 2023, 2:27 p.m.","False",2,"Stanley, isaac (67696938)","Richard, Paden (43822525)","Player 1 Win"
"Draft on demand","April 28, 2023, 2:27 p.m.","False",3,"Lombardo, Gabriel (96352844)","Stanley, isaac (67696938)","Player 1 Win"
"Thursday Flesh and Blood Locals","April 28, 2023, 8:22 a.m.","False",1,"Stanley, isaac (67696938)","Lombardo, Gabriel (96352844)","Player 1 Win"
"Thursday Flesh and Blood Locals","April 28, 2023, 8:22 a.m.","False",2,"Stanley, isaac (67696938)","Hawks, Dakota (86729596)","Player 2 Win"
"Thursday Flesh and Blood Locals","April 28, 2023, 8:22 a.m.","False",3,"Stanley, isaac (67696938)","McCoy, Chris (93772277)","Player 2 Win"
"TGE Skirmish (Blitz!)","April 23, 2023, 3 p.m.","False",1,"Stanley, isaac (67696938)","Lombardo, Gabriel (96352844)","Player 1 Win"
"TGE Skirmish (Blitz!)","April 23, 2023, 3 p.m.","False",2,"Stanley, isaac (67696938)","Salvatore, Brandon (66934195)","Player 2 Win"
"TGE Skirmish (Blitz!)","April 23, 2023, 3 p.m.","False",3,"Stanley, isaac (67696938)","Semones, Zachary (71734921)","Player 1 Win"
"TGE Skirmish (Blitz!)","April 23, 2023, 3 p.m.","False",4,"Tharp, Daniel (37218473)","Stanley, isaac (67696938)","Player 1 Win"
"TGE Skirmish (Blitz!)","April 23, 2023, 3 p.m.","False",1,"Pence, Jon (68664935)","Stanley, isaac (67696938)","Player 2 Win"
"TGE Skirmish (Blitz!)","April 23, 2023, 3 p.m.","False",2,"Hawks, Dakota (86729596)","Stanley, isaac (67696938)","Player 2 Win"
"TGE Skirmish (Blitz!)","April 23, 2023, 3 p.m.","False",3,"Snyder, Nathaniel (21971223)","Stanley, isaac (67696938)","Player 1 Win"
"Flesh & Blood: Skirmish (Season 6) - Blitz","April 22, 2023, noon","False",1,"Stanley, isaac (67696938)","Peediakal, Abraham (41743324)","Player 2 Win"
"Flesh & Blood: Skirmish (Season 6) - Blitz","April 22, 2023, noon","False",2,"Stanley, isaac (67696938)","Puckett, Matthew (69283994)","Player 2 Win"
"Flesh & Blood: Skirmish (Season 6) - Blitz","April 22, 2023, noon","False",3,"Stanley, isaac (67696938)","None","Player 1 Win"
"Flesh & Blood: Skirmish (Season 6) - Blitz","April 22, 2023, noon","False",4,"Matthews, Eugene (26799764)","Stanley, isaac (67696938)","Player 2 Win"
"Flesh & Blood: Skirmish (Season 6) - Blitz","April 22, 2023, noon","False",5,"Bray, Thomas (21954444)","Stanley, isaac (67696938)","Player 1 Win"
"Thursday Flesh & Blood locals","April 21, 2023, 10:57 a.m.","False",1,"Stanley, isaac (67696938)","McCoy, Chris (98417846)","Player 2 Win"
"Thursday Flesh & Blood locals","April 21, 2023, 10:57 a.m.","False",2,"Stanley, isaac (67696938)","Lansangan, Nathaniel (12242261)","Player 1 Win"
"Thursday Flesh & Blood locals","April 21, 2023, 10:57 a.m.","False",3,"Richard, Paden (43822525)","Stanley, isaac (67696938)","Player 2 Win"
"TGE On-Demand Blitz","April 20, 2023, 10:35 p.m.","False",1,"McCoy, Chris (93772277)","Stanley, isaac (67696938)","Player 1 Win"
"TGE On-Demand Blitz","April 20, 2023, 10:35 p.m.","False",2,"Stamper, Patrick (98962536)","Stanley, isaac (67696938)","Player 1 Win"
"TGE On-Demand Blitz","April 20, 2023, 10:35 p.m.","False",3,"Stanley, isaac (67696938)","Lansangan, Nathaniel (12242261)","Player 1 Win"
"Draft On-Demand","April 13, 2023, 10:20 p.m.","False",1,"Lansangan, Nathaniel (12242261)","Stanley, isaac (67696938)","Player 1 Win"
"Draft On-Demand","April 13, 2023, 10:20 p.m.","False",2,"McCoy, Chris (93772277)","Stanley, isaac (67696938)","Player 2 Win"
"Draft On-Demand","April 13, 2023, 10:20 p.m.","False",3,"Stanley, isaac (67696938)","Tharp, Daniel (37218473)","Player 1 Win"
"Thursday Flesh and Blood Locals","April 13, 2023, 7 p.m.","False",1,"Tharp, Daniel (37218473)","Stanley, isaac (67696938)","Player 1 Win"
"Thursday Flesh and Blood Locals","April 13, 2023, 7 p.m.","False",2,"Lombardo, Gabriel (96352844)","Stanley, isaac (67696938)","Player 1 Win"
"Thursday Flesh and Blood Locals","April 13, 2023, 7 p.m.","False",3,"Stanley, isaac (67696938)","None","Player 1 Win"
"Thursday Flesh and Blood Locals","April 7, 2023, 10:41 a.m.","False",1,"Stanley, isaac (67696938)","McCoy, Chris (93772277)","Player 1 Win"
"Thursday Flesh and Blood Locals","April 7, 2023, 10:41 a.m.","False",2,"Richard, Paden (43822525)","Stanley, isaac (67696938)","Player 1 Win"
"Thursday Flesh and Blood Locals","April 7, 2023, 10:41 a.m.","False",3,"Stanley, isaac (67696938)","Pence, Jon (68664935)","Player 1 Win"
"TGE Draft On-Demand","March 31, 2023, 10:30 p.m.","False",1,"Stanley, isaac (67696938)","McCoy, Chris (93772277)","Player 2 Win"
"TGE Draft On-Demand","March 31, 2023, 10:30 p.m.","False",2,"Stanley, isaac (67696938)","Richard, Paden (43822525)","Player 2 Win"
"TGE Draft On-Demand","March 31, 2023, 10:30 p.m.","False",3,"Lombardo, Gabriel (96352844)","Stanley, isaac (67696938)","Player 2 Win"
"Draft on demand","March 31, 2023, 9:15 p.m.","False",1,"Stanley, isaac (67696938)","Lansangan, Nathaniel (12242261)","Player 2 Win"
"Draft on demand","March 31, 2023, 9:15 p.m.","False",2,"Stanley, isaac (67696938)","Hawks, Dakota (86729596)","Player 2 Win"
"Draft on demand","March 31, 2023, 9:15 p.m.","False",3,"Lombardo, Gabriel (96352844)","Stanley, isaac (67696938)","Player 1 Win"
"Thursday Flesh and Blood Locals","March 31, 2023, 10:56 a.m.","False",1,"Stanley, isaac (67696938)","McCoy, Chris (93772277)","Player 1 Win"
"Thursday Flesh and Blood Locals","March 31, 2023, 10:56 a.m.","False",2,"Stanley, isaac (67696938)","Hawks, Dakota (86729596)","Player 2 Win"
"Thursday Flesh and Blood Locals","March 31, 2023, 10:56 a.m.","False",3,"Stanley, isaac (67696938)","Tharp, Daniel (37218473)","Player 2 Win"
"Thursday Flesh and Blood Locals","March 31, 2023, 10:56 a.m.","False",4,"Stanley, isaac (67696938)","Lombardo, Gabriel (96352844)","Player 2 Win"
"Chicago Brawl $5k CC Tournament with MinMax Games","March 25, 2023, 10 a.m.","False",1,"Stanley, isaac (67696938)","Kane, Joseph (73235521)","Double Loss"
"Thursday Flesh and Blood Locals","March 24, 2023, 11:31 a.m.","False",1,"Stanley, isaac (67696938)","Richard, Paden (43822525)","Player 2 Win"
"Thursday Flesh and Blood Locals","March 24, 2023, 11:31 a.m.","False",2,"Stanley, isaac (67696938)","None","Player 1 Win"
"Thursday Flesh and Blood Locals","March 24, 2023, 11:31 a.m.","False",3,"McCoy, Chris (93772277)","Stanley, isaac (67696938)","Player 2 Win"
"TGE On-Demand Draft","March 24, 2023, 12:30 a.m.","False",1,"Lombardo, Gabriel (96352844)","Stanley, isaac (67696938)","Player 2 Win"
"TGE On-Demand Draft","March 24, 2023, 12:30 a.m.","False",2,"Stanley, isaac (67696938)","Hawks, Dakota (86729596)","Player 2 Win"
"TGE On-Demand Draft","March 24, 2023, 12:30 a.m.","False",3,"Stanley, isaac (67696938)","Lansangan, Nathaniel (12242261)","Player 2 Win"
"TGE Draft On-Demand","March 19, 2023, 8 p.m.","False",1,"Stanley, isaac (67696938)","McCoy, Chris (93772277)","Player 2 Win"
"TGE Draft On-Demand","March 19, 2023, 8 p.m.","False",2,"Stanley, isaac (67696938)","Lombardo, Gabriel (96352844)","Player 1 Win"
"TGE Draft On-Demand","March 19, 2023, 8 p.m.","False",3,"Lansangan, Nathaniel (12242261)","Stanley, isaac (67696938)","Player 2 Win"
"Outsiders Pre-Release!","March 19, 2023, 4 p.m.","False",1,"Stanley, isaac (67696938)","Stamper, Patrick (98962536)","Player 2 Win"
"Outsiders Pre-Release!","March 19, 2023, 4 p.m.","False",2,"Lansangan, Nathaniel (12242261)","Stanley, isaac (67696938)","Draw"
"Outsiders Pre-Release!","March 19, 2023, 4 p.m.","False",3,"Stanley, isaac (67696938)","Lombardo, Gabriel (96352844)","Player 1 Win"
"TGE On-Demand Draft","March 17, 2023, 10:30 p.m.","False",1,"Stanley, isaac (67696938)","Stamper, Patrick (98962536)","Player 1 Win"
"TGE On-Demand Draft","March 17, 2023, 10:30 p.m.","False",2,"Stanley, isaac (67696938)","McCoy, Chris (93772277)","Player 1 Win"
"TGE On-Demand Draft","March 17, 2023, 10:30 p.m.","False",3,"Richard, Paden (43822525)","Stanley, isaac (67696938)","Player 2 Win"
"Tuesday Flesh And Blood Locals","March 17, 2023, 11:39 a.m.","False",1,"Stanley, isaac (67696938)","Lansangan, Nathaniel (12242261)","Player 2 Win"
"Tuesday Flesh And Blood Locals","March 17, 2023, 11:39 a.m.","False",2,"Stanley, isaac (67696938)","caldwell, lauren (63551275)","Player 1 Win"
"Tuesday Flesh And Blood Locals","March 17, 2023, 11:39 a.m.","False",3,"Stanley, isaac (67696938)","Stamper, Patrick (98962536)","Player 1 Win"
"Thursday Flesh and Blood Locals","March 10, 2023, 12:26 p.m.","False",1,"Stanley, isaac (67696938)","Richard, Paden (43822525)","Player 1 Win"
"Thursday Flesh and Blood Locals","March 10, 2023, 12:26 p.m.","False",2,"Hawks, Dakota (86729596)","Stanley, isaac (67696938)","Player 1 Win"
"Thursday Flesh and Blood Locals","March 10, 2023, 12:26 p.m.","False",3,"Stanley, isaac (67696938)","Lombardo, Gabriel (96352844)","Player 2 Win"
"Draft on Demand","March 2, 2023, 10 p.m.","False",1,"Stanley, isaac (67696938)","Lansangan, Nathaniel (12242261)","Player 1 Win"
"Draft on Demand","March 2, 2023, 10 p.m.","False",2,"Hawks, Dakota (86729596)","Stanley, isaac (67696938)","Player 2 Win"
"Draft on Demand","March 2, 2023, 10 p.m.","False",3,"McCoy, Chris (93772277)","Stanley, isaac (67696938)","Player 1 Win"
"Thursday Flesh and Blood Locals","March 2, 2023, 6:30 p.m.","False",1,"Stanley, isaac (67696938)","matthews, jonathon (84972774)","Player 1 Win"
"Thursday Flesh and Blood Locals","March 2, 2023, 6:30 p.m.","False",2,"Stanley, isaac (67696938)","Stamper, Patrick (98962536)","Player 1 Win"
"Thursday Flesh and Blood Locals","March 2, 2023, 6:30 p.m.","False",3,"Stanley, isaac (67696938)","Pence, Jon (68664935)","Player 1 Win"
"Thursday Flesh and Blood Locals","March 2, 2023, 6:30 p.m.","False",4,"Stanley, isaac (67696938)","Hawks, Dakota (86729596)","Player 1 Win"
"Thursday Flesh and Blood Locals","Feb. 24, 2023, 2:13 p.m.","False",1,"Stanley, isaac (67696938)","Lansangan, Nathaniel (12242261)","Player 1 Win"
"Thursday Flesh and Blood Locals","Feb. 24, 2023, 2:13 p.m.","False",2,"Stanley, isaac (67696938)","McCoy, Chris (93772277)","Player 2 Win"
"Thursday Flesh and Blood Locals","Feb. 24, 2023, 2:13 p.m.","False",3,"Stanley, isaac (67696938)","Hawks, Dakota (86729596)","Player 2 Win"
"Thursday Flesh and Blood Locals","Feb. 24, 2023, 12:19 p.m.","False",1,"Stanley, isaac (67696938)","Lombardo, Gabriel (96352844)","Player 1 Win"
"Thursday Flesh and Blood Locals","Feb. 24, 2023, 12:19 p.m.","False",2,"Stanley, isaac (67696938)","Lansangan, Nathaniel (12242261)","Player 1 Win"
"Thursday Flesh and Blood Locals","Feb. 24, 2023, 12:19 p.m.","False",3,"Richard, Paden (43822525)","Stanley, isaac (67696938)","Player 2 Win"
"TGE Booster Draft","Feb. 16, 2023, 8:30 p.m.","False",1,"Hawks, Dakota (86729596)","Stanley, isaac (67696938)","Player 2 Win"
"TGE Booster Draft","Feb. 16, 2023, 8:30 p.m.","False",2,"Stanley, isaac (67696938)","Pence, Jon (68664935)","Player 1 Win"
"TGE Booster Draft","Feb. 16, 2023, 8:30 p.m.","False",3,"Stamper, Patrick (98962536)","Stanley, isaac (67696938)","Player 1 Win"
"Thursday Flesh and Blood Locals","Feb. 16, 2023, 7 p.m.","False",1,"Hawks, Dakota (86729596)","Stanley, isaac (67696938)","Player 2 Win"
"Thursday Flesh and Blood Locals","Feb. 16, 2023, 7 p.m.","False",2,"Stanley, isaac (67696938)","Pence, Jon (68664935)","Player 1 Win"
"Thursday Flesh and Blood Locals","Feb. 16, 2023, 7 p.m.","False",3,"Stanley, isaac (67696938)","Stamper, Patrick (98962536)","Player 2 Win"
"Thursday Flesh and Blood Locals","Feb. 10, 2023, 4:22 p.m.","False",1,"Tharp, Daniel (37218473)","Stanley, isaac (67696938)","Player 2 Win"
"Thursday Flesh and Blood Locals","Feb. 10, 2023, 4:22 p.m.","False",2,"Stamper, Patrick (98962536)","Stanley, isaac (67696938)","Player 1 Win"
"Thursday Flesh and Blood Locals","Feb. 10, 2023, 4:22 p.m.","False",3,"Stanley, isaac (67696938)","Lansangan, Nathaniel (12242261)","Player 2 Win"
"Thursday Flesh and Blood Locals","Feb. 10, 2023, 12:30 p.m.","False",1,"Tharp, Daniel (37218473)","Stanley, isaac (67696938)","Player 1 Win"
"Thursday Flesh and Blood Locals","Feb. 10, 2023, 12:30 p.m.","False",2,"Stanley, isaac (67696938)","None","Player 1 Win"
"Thursday Flesh and Blood Locals","Feb. 10, 2023, 12:30 p.m.","False",3,"Stanley, isaac (67696938)","Pence, Jon (68664935)","Player 1 Win"
"Thursday Flesh and Blood Locals","Feb. 10, 2023, 12:30 p.m.","False",4,"Hawks, Dakota (86729596)","Stanley, isaac (67696938)","Player 1 Win"
"SUN 0930 Battle Hardened","Feb. 5, 2023, 9:30 a.m.","True",1,"Emerick, Chad (42246413)","Stanley, isaac (67696938)","Player 1 Win"
"SUN 0930 Battle Hardened","Feb. 5, 2023, 9:30 a.m.","True",2,"Overholt, Jonah (53553898)","Stanley, isaac (67696938)","Player 2 Win"
"SUN 0930 Battle Hardened","Feb. 5, 2023, 9:30 a.m.","True",3,"Stanley, isaac (67696938)","Chiu, Derek (79134122)","Player 2 Win"
"SUN 0930 Battle Hardened","Feb. 5, 2023, 9:30 a.m.","True",4,"Lau, Joshua (64912678)","Stanley, isaac (67696938)","Player 1 Win"
"SUN 0930 Battle Hardened","Feb. 5, 2023, 9:30 a.m.","True",5,"Stanley, isaac (67696938)","Green, Diana (84825756)","Player 1 Win"
"SUN 0930 Battle Hardened","Feb. 5, 2023, 9:30 a.m.","True",6,"Stowe, Holly (12772677)","Stanley, isaac (67696938)","Player 2 Win"
"SUN 0930 Battle Hardened","Feb. 5, 2023, 9:30 a.m.","True",7,"Stanley, isaac (67696938)","Galligan, Trevor (55997413)","Player 1 Win"
"SUN 0930 Battle Hardened","Feb. 5, 2023, 9:30 a.m.","True",8,"Simmons (Give back Skeleta), Charles (12285563)","Stanley, isaac (67696938)","Player 1 Win"
"SAT 1800 Classic Constructed+ - SCG CON Indianapolis","Feb. 4, 2023, 6 p.m.","False",1,"C, Eugene (36199282)","Stanley, isaac (67696938)","Player 2 Win"
"SAT 1800 Classic Constructed+ - SCG CON Indianapolis","Feb. 4, 2023, 6 p.m.","False",2,"Valdez, Robbie (48216296)","Stanley, isaac (67696938)","Player 1 Win"
"SAT 1800 Classic Constructed+ - SCG CON Indianapolis","Feb. 4, 2023, 6 p.m.","False",3,"Stanley, isaac (67696938)","Lansangan, Nathaniel (12242261)","Draw"
"Calling Indianapolis 2023","Feb. 4, 2023, 10:15 a.m.","True",1,"Stanley, isaac (67696938)","Smith, Gregory (47782776)","Player 2 Win"
"Calling Indianapolis 2023","Feb. 4, 2023, 10:15 a.m.","True",2,"Stanley, isaac (67696938)","Baar, Andrew (29484646)","Player 2 Win"
"Calling Indianapolis 2023","Feb. 4, 2023, 10:15 a.m.","True",3,"SONI, VINAY (65952714)","Stanley, isaac (67696938)","Player 2 Win"
"Calling Indianapolis 2023","Feb. 4, 2023, 10:15 a.m.","True",4,"Dunlap, Kirk (97561269)","Stanley, isaac (67696938)","Player 2 Win"
"Calling Indianapolis 2023","Feb. 4, 2023, 10:15 a.m.","True",5,"Siebers, Dallas (61564156)","Stanley, isaac (67696938)","Player 1 Win"
"Calling Indianapolis 2023","Feb. 4, 2023, 10:15 a.m.","True",6,"Gilbert, Dawson (51949938)","Stanley, isaac (67696938)","Player 2 Win"
"Calling Indianapolis 2023","Feb. 4, 2023, 10:15 a.m.","True",7,"Ejupi, Brandon (59131844)","Stanley, isaac (67696938)","Player 2 Win"
"Thursday Flesh and Blood Locals","Feb. 2, 2023, 6 p.m.","False",1,"Stamper, Patrick (98962536)","Stanley, isaac (67696938)","Player 2 Win"
"Thursday Flesh and Blood Locals","Feb. 2, 2023, 6 p.m.","False",2,"matthews, jonathon (84972774)","Stanley, isaac (67696938)","Player 1 Win"
"Thursday Flesh and Blood Locals","Feb. 2, 2023, 6 p.m.","False",3,"Stanley, isaac (67696938)","Lombardo, Gabriel (96352844)","Player 1 Win"
"Tuesday Flesh And Blood Locals","Jan. 31, 2023, 6:30 p.m.","False",1,"Stanley, isaac (67696938)","McCoy, Chris (93772277)","Player 2 Win"
"Tuesday Flesh And Blood Locals","Jan. 31, 2023, 6:30 p.m.","False",2,"Stanley, isaac (67696938)","Tharp, Daniel (37218473)","Player 2 Win"
"Tuesday Flesh And Blood Locals","Jan. 31, 2023, 6:30 p.m.","False",3,"Stanley, isaac (67696938)","None","Player 1 Win"
"Thursday Flesh and Blood Locals","Jan. 27, 2023, 12:38 p.m.","False",1,"Stamper, Patrick (98962536)","Stanley, isaac (67696938)","Player 2 Win"
"Thursday Flesh and Blood Locals","Jan. 27, 2023, 12:38 p.m.","False",2,"McCoy, Chris (93772277)","Stanley, isaac (67696938)","Player 2 Win"
"Thursday Flesh and Blood Locals","Jan. 27, 2023, 12:38 p.m.","False",3,"Semones, Zachary (71734921)","Stanley, isaac (67696938)","Player 1 Win"
"Thursday Flesh and Blood Locals","Jan. 27, 2023, 12:38 p.m.","False",4,"Stanley, isaac (67696938)","Pence, Jon (68664935)","Player 2 Win"
"ProQuest Season 3 + $1,000 Cash Prizes","Jan. 22, 2023, 10 a.m.","True",1,"Hoskins, Michael (17338373)","Stanley, isaac (67696938)","Player 2 Win"
"ProQuest Season 3 + $1,000 Cash Prizes","Jan. 22, 2023, 10 a.m.","True",2,"Williams, Aaron (65739117)","Stanley, isaac (67696938)","Player 2 Win"
"ProQuest Season 3 + $1,000 Cash Prizes","Jan. 22, 2023, 10 a.m.","True",3,"Stanley, isaac (67696938)","Smith, Christopher (76252859)","Player 1 Win"
"ProQuest Season 3 + $1,000 Cash Prizes","Jan. 22, 2023, 10 a.m.","True",4,"Stanley, isaac (67696938)","Isaacs, Holden (26142484)","Player 2 Win"
"ProQuest Season 3 + $1,000 Cash Prizes","Jan. 22, 2023, 10 a.m.","True",5,"Stanley, isaac (67696938)","Shope, Ryan (19549688)","Player 2 Win"
"ProQuest Season 3 + $1,000 Cash Prizes","Jan. 22, 2023, 10 a.m.","True",6,"Stanley, isaac (67696938)","McDaniel, Travis (12467529)","Player 2 Win"
"Thursday Flesh and Blood Locals","Jan. 20, 2023, 10:45 a.m.","False",1,"Hawks, Dakota (86729596)","Stanley, isaac (67696938)","Player 1 Win"
"Thursday Flesh and Blood Locals","Jan. 20, 2023, 10:45 a.m.","False",2,"Stanley, isaac (67696938)","None","Player 1 Win"
"Thursday Flesh and Blood Locals","Jan. 20, 2023, 10:45 a.m.","False",3,"Stamper, Patrick (98962536)","Stanley, isaac (67696938)","Player 2 Win"
"ProQuest Season 3","Jan. 15, 2023, noon","True",1,"Pence, Jon (68664935)","Stanley, isaac (67696938)","Player 1 Win"
"ProQuest Season 3","Jan. 15, 2023, noon","True",2,"Stamm, Jeff (67122251)","Stanley, isaac (67696938)","Player 1 Win"
"ProQuest Season 3","Jan. 15, 2023, noon","True",3,"Stanley, isaac (67696938)","None","Player 1 Win"
"ProQuest Season 3","Jan. 15, 2023, noon","True",4,"Stanley, isaac (67696938)","Bailes, Jeremy (89482153)","Player 2 Win"
"ProQuest Season 3","Jan. 15, 2023, noon","True",5,"Blankenship, Jordan (26393319)","Stanley, isaac (67696938)","Player 1 Win"
"Epic Loot Pro Quest Season 3 Tournament","Jan. 14, 2023, 11 a.m.","True",1,"Gillson, Brett (43728186)","Stanley, isaac (67696938)","Player 1 Win"
"Epic Loot Pro Quest Season 3 Tournament","Jan. 14, 2023, 11 a.m.","True",2,"Hoffman, Erika (95294251)","Stanley, isaac (67696938)","Player 2 Win"
"Epic Loot Pro Quest Season 3 Tournament","Jan. 14, 2023, 11 a.m.","True",3,"Bowshier, Caleb (49125315)","Stanley, isaac (67696938)","Player 2 Win"
"Epic Loot Pro Quest Season 3 Tournament","Jan. 14, 2023, 11 a.m.","True",4,"Blowey, Mitchell (64811924)","Stanley, isaac (67696938)","Player 1 Win"
"Epic Loot Pro Quest Season 3 Tournament","Jan. 14, 2023, 11 a.m.","True",5,"Kohls, Matt (33466896)","Stanley, isaac (67696938)","Player 1 Win"
"Thursday Flesh and Blood Locals","Jan. 13, 2023, 11:38 a.m.","False",1,"Stanley, isaac (67696938)","None","Player 1 Win"
"Thursday Flesh and Blood Locals","Jan. 13, 2023, 11:38 a.m.","False",2,"Stanley, isaac (67696938)","Hawks, Dakota (86729596)","Player 2 Win"
"Thursday Flesh and Blood Locals","Jan. 13, 2023, 11:38 a.m.","False",3,"Stanley, isaac (67696938)","Lombardo, Gabriel (96352844)","Player 1 Win"
"Thursday Flesh and Blood Locals","Jan. 13, 2023, 11:38 a.m.","False",4,"McCoy, Chris (93772277)","Stanley, isaac (67696938)","Player 1 Win"
"Thursday Flesh and Blood Locals","Jan. 6, 2023, 6:30 p.m.","False",1,"Stanley, isaac (67696938)","Pence, Jon (68664935)","Player 1 Win"
"Thursday Flesh and Blood Locals","Jan. 6, 2023, 6:30 p.m.","False",2,"Stanley, isaac (67696938)","McCoy, Chris (93772277)","Player 2 Win"
"Thursday Flesh and Blood Locals","Jan. 6, 2023, 6:30 p.m.","False",3,"Stanley, isaac (67696938)","matthews, jonathon (84972774)","Player 1 Win"
"Thursday Flesh and Blood Locals","Jan. 6, 2023, 6:30 p.m.","False",4,"Stanley, isaac (67696938)","Semones, Zachary (71734921)","Player 2 Win"
"Thursday Flesh And Blood Locals","Dec. 29, 2022, 6:30 p.m.","False",1,"Stanley, isaac (67696938)","Tharp, Daniel (37218473)","Player 2 Win"
"Thursday Flesh And Blood Locals","Dec. 29, 2022, 6:30 p.m.","False",2,"Stanley, isaac (67696938)","None","Player 1 Win"
"Thursday Flesh And Blood Locals","Dec. 29, 2022, 6:30 p.m.","False",3,"Stamper, Patrick (98962536)","Stanley, isaac (67696938)","Player 1 Win"
"Thursday Flesh and Blood Locals","Dec. 23, 2022, 12:41 p.m.","False",1,"Stanley, isaac (67696938)","Lansangan, Nathaniel (12242261)","Player 2 Win"
"Thursday Flesh and Blood Locals","Dec. 23, 2022, 12:41 p.m.","False",2,"Lombardo, Gabriel (96352844)","Stanley, isaac (67696938)","Player 2 Win"
"Thursday Flesh and Blood Locals","Dec. 23, 2022, 12:41 p.m.","False",3,"Stamper, Patrick (98962536)","Stanley, isaac (67696938)","Player 2 Win"
"Thursday Flesh and Blood Locals","Dec. 1, 2022, 12:31 p.m.","False",1,"Stanley, isaac (67696938)","McCoy, Chris (93772277)","Player 1 Win"
"Thursday Flesh and Blood Locals","Dec. 1, 2022, 12:31 p.m.","False",2,"Hawks, Dakota (86729596)","Stanley, isaac (67696938)","Draw"
"Thursday Flesh and Blood Locals","Dec. 1, 2022, 12:31 p.m.","False",3,"Stanley, isaac (67696938)","Lombardo, Gabriel (96352844)","Player 1 Win"
"Flesh and Blood Constructed $1,000 Tournament 11/5/22 1PM","Nov. 5, 2022, 1 p.m.","False",1,"Lombardo, Gabriel (96352844)","Stanley, isaac (67696938)","Player 2 Win"
"Flesh and Blood Constructed $1,000 Tournament 11/5/22 1PM","Nov. 5, 2022, 1 p.m.","False",2,"Hoskins, Michael (17338373)","Stanley, isaac (67696938)","Player 1 Win"
"Flesh and Blood Constructed $1,000 Tournament 11/5/22 1PM","Nov. 5, 2022, 1 p.m.","False",3,"Stanley, isaac (67696938)","Ryan, James (97259471)","Player 1 Win"
"Flesh and Blood Constructed $1,000 Tournament 11/5/22 1PM","Nov. 5, 2022, 1 p.m.","False",4,"Pence, Jon (68664935)","Stanley, isaac (67696938)","Draw"
"Flesh and Blood Constructed $1,000 Tournament 11/5/22 1PM","Nov. 5, 2022, 1 p.m.","False",5,"Scheiman, Heath (46173158)","Stanley, isaac (67696938)","Player 1 Win"
"Thursday Flesh and Blood Locals","Nov. 3, 2022, 7 p.m.","False",1,"Stanley, isaac (67696938)","Tharp, Daniel (37218473)","Player 2 Win"
"Thursday Flesh and Blood Locals","Nov. 3, 2022, 7 p.m.","False",2,"Stanley, isaac (67696938)","None","Player 1 Win"
"Thursday Flesh and Blood Locals","Nov. 3, 2022, 7 p.m.","False",3,"Lansangan, Nathaniel (12242261)","Stanley, isaac (67696938)","Player 2 Win"
"Thursday Flesh and Blood Locals","Nov. 3, 2022, 7 p.m.","False",4,"Stamper, Patrick (98962536)","Stanley, isaac (67696938)","Player 1 Win"
"Thursday Flesh and Blood Locals","Oct. 28, 2022, 10:26 a.m.","False",1,"Stanley, isaac (67696938)","Richard, Paden (43822525)","Player 2 Win"
"Thursday Flesh and Blood Locals","Oct. 28, 2022, 10:26 a.m.","False",2,"Branham, Wayne (68971586)","Stanley, isaac (67696938)","Player 1 Win"
"Thursday Flesh and Blood Locals","Oct. 28, 2022, 10:26 a.m.","False",3,"Tharp, Daniel (37218473)","Stanley, isaac (67696938)","Player 2 Win"
"Thursday Flesh and Blood Locals","Oct. 28, 2022, 10:26 a.m.","False",4,"Stanley, isaac (67696938)","Pence, Jon (68664935)","Player 1 Win"
"Fall Brawl $10k Battle Hardened","Oct. 22, 2022, 8 a.m.","True",1,"Stanley, isaac (67696938)","Roose, Brandon (72935671)","Player 2 Win"
"Fall Brawl $10k Battle Hardened","Oct. 22, 2022, 8 a.m.","True",2,"Stanley, isaac (67696938)","Beni, Nathan (85487873)","Player 2 Win"
"Fall Brawl $10k Battle Hardened","Oct. 22, 2022, 8 a.m.","True",3,"Stanley, isaac (67696938)","Garnsay, Curt (47897467)","Player 1 Win"
"Fall Brawl $10k Battle Hardened","Oct. 22, 2022, 8 a.m.","True",4,"Durci, Matthew (66581264)","Stanley, isaac (67696938)","Player 2 Win"
"Fall Brawl $10k Battle Hardened","Oct. 22, 2022, 8 a.m.","True",5,"Dando, Sam (14163634)","Stanley, isaac (67696938)","Player 2 Win"
"Fall Brawl $10k Battle Hardened","Oct. 22, 2022, 8 a.m.","True",6,"Bugoci, Anthony (82239831)","Stanley, isaac (67696938)","Player 1 Win"
"Fall Brawl $10k Battle Hardened","Oct. 22, 2022, 8 a.m.","True",7,"Stanley, isaac (67696938)","Feezor, Connor (56386697)","Player 2 Win"
"Fall Brawl $10k Battle Hardened","Oct. 22, 2022, 8 a.m.","True",8,"Stanley, isaac (67696938)","Sayasith, Peyton (34465746)","Player 2 Win"
"Thursday Flesh and Blood Locals","Oct. 7, 2022, 9:39 a.m.","False",1,"Tharp, Daniel (37218473)","Stanley, isaac (67696938)","Player 2 Win"
"Thursday Flesh and Blood Locals","Oct. 7, 2022, 9:39 a.m.","False",2,"Stanley, isaac (67696938)","Hoskins, Michael (17338373)","Player 2 Win"
"Thursday Flesh and Blood Locals","Oct. 7, 2022, 9:39 a.m.","False",3,"Stanley, isaac (67696938)","Stamper, Patrick (98962536)","Player 2 Win"
"Thursday Flesh and Blood Locals","Sept. 29, 2022, 6:30 p.m.","False",1,"Stanley, isaac (67696938)","Hoskins, Michael (17338373)","Player 2 Win"
"Thursday Flesh and Blood Locals","Sept. 29, 2022, 6:30 p.m.","False",2,"Stanley, isaac (67696938)","None","Player 1 Win"
"Thursday Flesh and Blood Locals","Sept. 29, 2022, 6:30 p.m.","False",3,"Orr, Robert (58615171)","Stanley, isaac (67696938)","Player 1 Win"
"Thursday Flesh and Blood Locals","Sept. 29, 2022, 6:30 p.m.","False",4,"Stanley, isaac (67696938)","Foster, Cory (24733637)","Player 2 Win"
"SUN 1500 Blitz - US Nationals","Sept. 25, 2022, 3 p.m.","False",1,"Stanley, isaac (67696938)","Ferrara, Daniel (14122841)","Player 2 Win"
"SUN 1500 Blitz - US Nationals","Sept. 25, 2022, 3 p.m.","False",2,"Hannan, Joshua (35565283)","Stanley, isaac (67696938)","Player 1 Win"
"SUN 1500 Blitz - US Nationals","Sept. 25, 2022, 3 p.m.","False",3,"Marks, Kyra (29835674)","Stanley, isaac (67696938)","Player 1 Win"
"SUN 1500 Blitz - US Nationals","Sept. 25, 2022, 3 p.m.","False",4,"Casares, Dylan (11522599)","Stanley, isaac (67696938)","Player 1 Win"
"SUN 0900 Classic Constructed+ - US Nationals","Sept. 25, 2022, 9 a.m.","False",1,"Puskas, Anthony (52455262)","Stanley, isaac (67696938)","Player 1 Win"
"SUN 0900 Classic Constructed+ - US Nationals","Sept. 25, 2022, 9 a.m.","False",2,"Werner, Jeremy (48357356)","Stanley, isaac (67696938)","Player 1 Win"
"SUN 0900 Classic Constructed+ - US Nationals","Sept. 25, 2022, 9 a.m.","False",3,"Stanley, isaac (67696938)","hodge, Caleb (75523316)","Player 2 Win"
"SUN 0900 Classic Constructed+ - US Nationals","Sept. 25, 2022, 9 a.m.","False",4,"Love, Cole (34262358)","Stanley, isaac (67696938)","Player 1 Win"
"Calling: Charlotte","Sept. 24, 2022, 10 a.m.","True",1,"Cousillas, Daniel (78851488)","Stanley, isaac (67696938)","Player 1 Win"
"Calling: Charlotte","Sept. 24, 2022, 10 a.m.","True",2,"Stanley, isaac (67696938)","Dunlap, Kirk (97561269)","Player 2 Win"
"Calling: Charlotte","Sept. 24, 2022, 10 a.m.","True",3,"Stanley, isaac (67696938)","Self, Jordan (16929683)","Player 2 Win"
"Calling: Charlotte","Sept. 24, 2022, 10 a.m.","True",4,"Gonzales, Geoffrey (33539834)","Stanley, isaac (67696938)","Player 2 Win"
"Calling: Charlotte","Sept. 24, 2022, 10 a.m.","True",5,"anable, aiden (32526912)","Stanley, isaac (67696938)","Player 1 Win"
"Calling: Charlotte","Sept. 24, 2022, 10 a.m.","True",6,"Stanley, isaac (67696938)","Carr, G. Morris (62768143)","Player 1 Win"
"Calling: Charlotte","Sept. 24, 2022, 10 a.m.","True",7,"Nakata, Jason (55737786)","Stanley, isaac (67696938)","Player 1 Win"
"FRI 1230 Classic Constructed - US Nationals","Sept. 23, 2022, 12:30 p.m.","False",1,"Hagewood, Dayna (42879897)","Stanley, isaac (67696938)","Player 1 Win"
"FRI 1230 Classic Constructed - US Nationals","Sept. 23, 2022, 12:30 p.m.","False",2,"Stanley, isaac (67696938)","Harris, Logan (41831566)","Player 1 Win"
"FRI 1230 Classic Constructed - US Nationals","Sept. 23, 2022, 12:30 p.m.","False",3,"Benton, Jonathan (48641423)","Stanley, isaac (67696938)","Player 1 Win"
"FRI 1230 Classic Constructed - US Nationals","Sept. 23, 2022, 12:30 p.m.","False",4,"Hamelin, Artie (47652398)","Stanley, isaac (67696938)","Player 1 Win"
"Midweek Armory","Sept. 22, 2022, 7 p.m.","False",1,"Stanley, isaac (67696938)","Payne, Chandler (55621139)","Player 1 Win"
"Midweek Armory","Sept. 22, 2022, 7 p.m.","False",2,"Stanley, isaac (67696938)","Mitchell, Greg (88166473)","Player 2 Win"
"Midweek Armory","Sept. 22, 2022, 7 p.m.","False",3,"Stanley, isaac (67696938)","Arthur, James (26464458)","Player 1 Win"
"Midweek Armory","Sept. 22, 2022, 7 p.m.","False",4,"Stanley, isaac (67696938)","Hawks, Dakota (86729596)","Player 2 Win"
"Thursday Flesh and Blood Locals","Sept. 16, 2022, 10 a.m.","False",1,"Stamper, Patrick (98962536)","Stanley, isaac (67696938)","Player 1 Win"
"Thursday Flesh and Blood Locals","Sept. 16, 2022, 10 a.m.","False",2,"Orr, Robert (58615171)","Stanley, isaac (67696938)","Player 1 Win"
"Thursday Flesh and Blood Locals","Sept. 16, 2022, 10 a.m.","False",3,"Stanley, isaac (67696938)","Richard, Paden (43822525)","Player 2 Win"
"Thursday Flesh and Blood Locals","Sept. 8, 2022, 6:30 a.m.","False",1,"Stanley, isaac (67696938)","Hoskins, Michael (17338373)","Player 2 Win"
"Thursday Flesh and Blood Locals","Sept. 8, 2022, 6:30 a.m.","False",2,"Stanley, isaac (67696938)","Orr, Robert (58615171)","Player 2 Win"
"Thursday Flesh and Blood Locals","Sept. 8, 2022, 6:30 a.m.","False",3,"Adame, Jake (77293168)","Stanley, isaac (67696938)","Player 2 Win"
"SUN Battle Hardened (Classic Constructed) - SCG CON Columbus","Sept. 4, 2022, 9:30 a.m.","True",1,"Stanley, isaac (67696938)","Hon, Alex (61166994)","Player 2 Win"
"SUN Battle Hardened (Classic Constructed) - SCG CON Columbus","Sept. 4, 2022, 9:30 a.m.","True",2,"Utley, Jamie (72445673)","Stanley, isaac (67696938)","Player 2 Win"
"SUN Battle Hardened (Classic Constructed) - SCG CON Columbus","Sept. 4, 2022, 9:30 a.m.","True",3,"Perkins, Dustin (18884216)","Stanley, isaac (67696938)","Player 2 Win"
"SUN Battle Hardened (Classic Constructed) - SCG CON Columbus","Sept. 4, 2022, 9:30 a.m.","True",4,"Spalding, Cody (97371719)","Stanley, isaac (67696938)","Player 2 Win"
"SUN Battle Hardened (Classic Constructed) - SCG CON Columbus","Sept. 4, 2022, 9:30 a.m.","True",5,"laufenberg, Peyton (77661134)","Stanley, isaac (67696938)","Player 1 Win"
"SUN Battle Hardened (Classic Constructed) - SCG CON Columbus","Sept. 4, 2022, 9:30 a.m.","True",6,"Stanley, isaac (67696938)","Simmons, Charles (12285563)","Player 2 Win"
"US Nationals Last Chance Qualifier SCG CON Columbus","Sept. 3, 2022, 9 a.m.","False",1,"Stanley, isaac (67696938)","Utley, Jamie (72445673)","Player 1 Win"
"US Nationals Last Chance Qualifier SCG CON Columbus","Sept. 3, 2022, 9 a.m.","False",2,"laufenberg, Peyton (77661134)","Stanley, isaac (67696938)","Player 1 Win"
"US Nationals Last Chance Qualifier SCG CON Columbus","Sept. 3, 2022, 9 a.m.","False",3,"Stanley, isaac (67696938)","Fox, Sean (65753293)","Player 1 Win"
"US Nationals Last Chance Qualifier SCG CON Columbus","Sept. 3, 2022, 9 a.m.","False",4,"Stanley, isaac (67696938)","Caraher, Steven (87266114)","Player 2 Win"
"US Nationals Last Chance Qualifier SCG CON Columbus","Sept. 3, 2022, 9 a.m.","False",5,"Hon, Alex (61166994)","Stanley, isaac (67696938)","Player 1 Win"
"US Nationals Last Chance Qualifier SCG CON Columbus","Sept. 3, 2022, 9 a.m.","False",6,"Stanley, isaac (67696938)","Blowey, Mitchell (64811924)","Player 1 Win"
"Thursday Flesh and Blood Locals","Sept. 2, 2022, 8:48 a.m.","False",1,"Stanley, isaac (67696938)","Hawks, Dakota (86729596)","Player 2 Win"
"Thursday Flesh and Blood Locals","Sept. 2, 2022, 8:48 a.m.","False",2,"Stanley, isaac (67696938)","Richard, Paden (43822525)","Player 2 Win"
"Thursday Flesh and Blood Locals","Sept. 2, 2022, 8:48 a.m.","False",3,"Stamper, Patrick (98962536)","Stanley, isaac (67696938)","Player 1 Win"
"Thursday Flesh and Blood Locals","Sept. 2, 2022, 8:48 a.m.","False",4,"Tharp, Daniel (37218473)","Stanley, isaac (67696938)","Player 1 Win"
"Sunday On-Demand CC","Aug. 28, 2022, 5 p.m.","False",1,"Branham, Wayne (68971586)","Stanley, isaac (67696938)","Player 1 Win"
"Sunday On-Demand CC","Aug. 28, 2022, 5 p.m.","False",2,"Stanley, isaac (67696938)","Hoskins, Michael (17338373)","Player 2 Win"
"Sunday On-Demand CC","Aug. 28, 2022, 5 p.m.","False",3,"Hawks, Dakota (86729596)","Stanley, isaac (67696938)","Player 2 Win"
"Thursday Flesh and Blood Locals","Aug. 26, 2022, 12:28 p.m.","False",1,"Stamper, Patrick (98962536)","Stanley, isaac (67696938)","Player 1 Win"
"Thursday Flesh and Blood Locals","Aug. 26, 2022, 12:28 p.m.","False",2,"Branham, Wayne (68971586)","Stanley, isaac (67696938)","Player 1 Win"
"Thursday Flesh and Blood Locals","Aug. 26, 2022, 12:28 p.m.","False",3,"Stanley, isaac (67696938)","None","Player 1 Win"
"Thursday Flesh and Blood Locals","Aug. 26, 2022, 8:59 a.m.","False",1,"Stanley, isaac (67696938)","None","Player 1 Win"
"Thursday Flesh and Blood Locals","Aug. 26, 2022, 8:59 a.m.","False",2,"Stanley, isaac (67696938)","Tharp, Daniel (37218473)","Player 1 Win"
"Thursday Flesh and Blood Locals","Aug. 26, 2022, 8:59 a.m.","False",3,"Stanley, isaac (67696938)","Stamper, Patrick (98962536)","Player 1 Win"
"Draft on demand","Aug. 12, 2022, 2:11 p.m.","False",1,"Stanley, isaac (67696938)","Semones, Zachary (71734921)","Player 2 Win"
"Draft on demand","Aug. 12, 2022, 2:11 p.m.","False",2,"Stanley, isaac (67696938)","Hoskins, Michael (17338373)","Player 1 Win"
"Draft on demand","Aug. 12, 2022, 2:11 p.m.","False",3,"Stamper, Patrick (98962536)","Stanley, isaac (67696938)","Player 1 Win"
"Thursday Flesh and Blood Locals","Aug. 12, 2022, 10:29 a.m.","False",1,"Stanley, isaac (67696938)","Semones, Zachary (71734921)","Player 1 Win"
"Thursday Flesh and Blood Locals","Aug. 12, 2022, 10:29 a.m.","False",2,"Stanley, isaac (67696938)","hodge, Caleb (75523316)","Player 2 Win"
"Thursday Flesh and Blood Locals","Aug. 12, 2022, 10:29 a.m.","False",3,"Stanley, isaac (67696938)","Hoskins, Michael (17338373)","Player 2 Win"
"Thursday Flesh and Blood Locals","Aug. 12, 2022, 10:29 a.m.","False",4,"Branham, Wayne (68971586)","Stanley, isaac (67696938)","Player 2 Win"
"Draft on demand","Aug. 5, 2022, 4:46 p.m.","False",1,"Stanley, isaac (67696938)","Hoskins, Michael (17338373)","Player 2 Win"
"Draft on demand","Aug. 5, 2022, 4:46 p.m.","False",2,"Stanley, isaac (67696938)","Orr, Robert (58615171)","Player 1 Win"
"Draft on demand","Aug. 5, 2022, 4:46 p.m.","False",3,"Stamper, Patrick (98962536)","Stanley, isaac (67696938)","Player 1 Win"
"Draft on demand","Aug. 5, 2022, 3:19 p.m.","False",1,"Stanley, isaac (67696938)","Orr, Robert (58615171)","Player 2 Win"
"Draft on demand","Aug. 5, 2022, 3:19 p.m.","False",2,"Stanley, isaac (67696938)","Hoskins, Michael (17338373)","Player 2 Win"
"Draft on demand","Aug. 5, 2022, 3:19 p.m.","False",3,"Ward, John (24272686)","Stanley, isaac (67696938)","Player 2 Win"
"Thursday Flesh and Blood Locals","Aug. 5, 2022, 9:43 a.m.","False",1,"Stanley, isaac (67696938)","Ward, John (24272686)","Player 1 Win"
"Thursday Flesh and Blood Locals","Aug. 5, 2022, 9:43 a.m.","False",2,"Stanley, isaac (67696938)","Hawks, Dakota (86729596)","Player 1 Win"
"Thursday Flesh and Blood Locals","Aug. 5, 2022, 9:43 a.m.","False",3,"Stamper, Patrick (98962536)","Stanley, isaac (67696938)","Player 1 Win"
"Thursday Flesh and Blood Locals","Aug. 5, 2022, 9:43 a.m.","False",4,"Stanley, isaac (67696938)","Tharp, Daniel (37218473)","Player 2 Win"
"Sunday On-Demand CC","Aug. 1, 2022, 9:34 a.m.","False",1,"Stanley, isaac (67696938)","None","Player 1 Win"
"Sunday On-Demand CC","Aug. 1, 2022, 9:34 a.m.","False",2,"Stanley, isaac (67696938)","Branham, Wayne (68971586)","Player 2 Win"
"Sunday On-Demand CC","Aug. 1, 2022, 9:34 a.m.","False",3,"Hoskins, Michael (17338373)","Stanley, isaac (67696938)","Player 1 Win"
"Thursday Flesh and Blood Locals","July 29, 2022, 9:18 a.m.","False",1,"Stanley, isaac (67696938)","None","Player 1 Win"
"Thursday Flesh and Blood Locals","July 29, 2022, 9:18 a.m.","False",2,"Stanley, isaac (67696938)","Ward, John (24272686)","Player 1 Win"
"Thursday Flesh and Blood Locals","July 29, 2022, 9:18 a.m.","False",3,"Hoskins, Michael (17338373)","Stanley, isaac (67696938)","Player 1 Win"
"Draft on demand","July 28, 2022, 10 p.m.","False",1,"Stanley, isaac (67696938)","Hawks, Dakota (86729596)","Player 2 Win"
"Draft on demand","July 28, 2022, 10 p.m.","False",2,"Stamper, Patrick (98962536)","Stanley, isaac (67696938)","Player 1 Win"
"Draft on demand","July 28, 2022, 10 p.m.","False",3,"Hoskins, Michael (17338373)","Stanley, isaac (67696938)","Player 1 Win"
"CM Games Road to Nationals! 2022","July 23, 2022, noon","True",1,"Stanley, isaac (67696938)","VanBuren, Tyler (47747852)","Player 2 Win"
"CM Games Road to Nationals! 2022","July 23, 2022, noon","True",2,"Stanley, isaac (67696938)","None","Player 1 Win"
"CM Games Road to Nationals! 2022","July 23, 2022, noon","True",3,"Treon, Michael (64687239)","Stanley, isaac (67696938)","Player 1 Win"
"CM Games Road to Nationals! 2022","July 23, 2022, noon","True",4,"Hoskins, Michael (17338373)","Stanley, isaac (67696938)","Player 1 Win"
"CM Games Road to Nationals! 2022","July 23, 2022, noon","True",5,"Stanley, isaac (67696938)","Bradford, Tyler (52659697)","Player 1 Win"
"Thursday Uprising Draft","July 22, 2022, 3:40 p.m.","False",1,"Stanley, isaac (67696938)","Hoskins, Michael (17338373)","Player 2 Win"
"Thursday Uprising Draft","July 22, 2022, 3:40 p.m.","False",2,"Stanley, isaac (67696938)","Ward, John (24272686)","Player 1 Win"
"Thursday Uprising Draft","July 22, 2022, 3:40 p.m.","False",3,"Hawks, Dakota (86729596)","Stanley, isaac (67696938)","Player 1 Win"
"Thursday Flesh and Blood Locals","July 22, 2022, 8:11 a.m.","False",1,"Stanley, isaac (67696938)","Richard, Paden (43822525)","Player 1 Win"
"Thursday Flesh and Blood Locals","July 22, 2022, 8:11 a.m.","False",2,"Tharp, Daniel (37218473)","Stanley, isaac (67696938)","Player 2 Win"
"Thursday Flesh and Blood Locals","July 22, 2022, 8:11 a.m.","False",3,"hodge, Caleb (75523316)","Stanley, isaac (67696938)","Player 1 Win"
"Thursday Flesh and Blood Locals","July 22, 2022, 8:11 a.m.","False",4,"Stanley, isaac (67696938)","Hawks, Dakota (86729596)","Player 2 Win"
"Epic Loot Road to Nationals Classic Constructed 7/17/22","July 17, 2022, noon","True",1,"Stanley, isaac (67696938)","Frye, Mathew (47988244)","Player 2 Win"
"Epic Loot Road to Nationals Classic Constructed 7/17/22","July 17, 2022, noon","True",2,"Stanley, isaac (67696938)","Kohls, Matt (33466896)","Player 2 Win"
"Epic Loot Road to Nationals Classic Constructed 7/17/22","July 17, 2022, noon","True",3,"Stanley, isaac (67696938)","Turner, James (21677795)","Player 2 Win"
"Epic Loot Road to Nationals Classic Constructed 7/17/22","July 17, 2022, noon","True",4,"DeHart, Red (53697234)","Stanley, isaac (67696938)","Player 2 Win"
"Epic Loot Road to Nationals Classic Constructed 7/17/22","July 17, 2022, noon","True",5,"Copp, Derek (22354411)","Stanley, isaac (67696938)","Player 2 Win"
"Epic Loot Road to Nationals Classic Constructed 7/17/22","July 17, 2022, noon","True",6,"Carson, Alexander (13562961)","Stanley, isaac (67696938)","Player 2 Win"
"Thursday Flesh and Blood Locals","July 8, 2022, 10:12 a.m.","False",1,"Hoskins, Michael (17338373)","Stanley, isaac (67696938)","Player 1 Win"
"Thursday Flesh and Blood Locals","July 8, 2022, 10:12 a.m.","False",2,"Syroney, George (75235895)","Stanley, isaac (67696938)","Player 2 Win"
"Thursday Flesh and Blood Locals","July 8, 2022, 10:12 a.m.","False",3,"Stanley, isaac (67696938)","Bradford, Tyler (52659697)","Player 1 Win"
"Thursday Flesh and Blood Locals","July 8, 2022, 10:12 a.m.","False",4,"Stanley, isaac (67696938)","Stamper, Patrick (98962536)","Player 2 Win"
"$10k Brawl (Classic Constructed)","June 25, 2022, 9:30 a.m.","False",1,"Stanley, isaac (67696938)","Darmody, Dennis (58744461)","Player 1 Win"
"$10k Brawl (Classic Constructed)","June 25, 2022, 9:30 a.m.","False",2,"Stanley, isaac (67696938)","Long, Timothy (19718495)","Player 1 Win"
"$10k Brawl (Classic Constructed)","June 25, 2022, 9:30 a.m.","False",3,"Stanley, isaac (67696938)","McDaniel, Travis (12467529)","Player 2 Win"
"$10k Brawl (Classic Constructed)","June 25, 2022, 9:30 a.m.","False",4,"Stanley, isaac (67696938)","Petersen, Logan (61371334)","Player 2 Win"
"$10k Brawl (Classic Constructed)","June 25, 2022, 9:30 a.m.","False",5,"Stanley, isaac (67696938)","Rattenni, Devin (28343336)","Player 2 Win"
"$10k Brawl (Classic Constructed)","June 25, 2022, 9:30 a.m.","False",6,"Stanley, isaac (67696938)","alvarado, carolina (33946756)","Player 1 Win"
"Friday Night Uprising Release Tournament","June 17, 2022, 9:45 p.m.","False",1,"Stanley, isaac (67696938)","Tharp, Daniel (37218473)","Player 1 Win"
"Friday Night Uprising Release Tournament","June 17, 2022, 9:45 p.m.","False",2,"Stanley, isaac (67696938)","Carlson, Daniel (51487828)","Player 2 Win"
"Friday Night Uprising Release Tournament","June 17, 2022, 9:45 p.m.","False",3,"Stanley, isaac (67696938)","Blowey, Mitchell (64811924)","Player 2 Win"
"Friday Night Uprising Release Tournament","June 17, 2022, 9:45 p.m.","False",4,"Stanley, isaac (67696938)","Ward, John (24272686)","Player 1 Win"
"Uprising Pre-Release Tournament","June 17, 2022, 6 p.m.","False",1,"Blowey, Mitchell (64811924)","Stanley, isaac (67696938)","Player 1 Win"
"Uprising Pre-Release Tournament","June 17, 2022, 6 p.m.","False",2,"Lewis, Jonathan (27657686)","Stanley, isaac (67696938)","Player 1 Win"
"Uprising Pre-Release Tournament","June 17, 2022, 6 p.m.","False",3,"Stanley, isaac (67696938)","Ward, John (24272686)","Player 2 Win"
"Uprising Pre-Release Tournament","June 17, 2022, 6 p.m.","False",4,"Carlson, Daniel (51487828)","Stanley, isaac (67696938)","Player 1 Win"
"Thursday Flesh and Blood Locals","June 9, 2022, 6:30 p.m.","False",1,"Stanley, isaac (67696938)","Stamper, Patrick (98962536)","Player 1 Win"
"Thursday Flesh and Blood Locals","June 9, 2022, 6:30 p.m.","False",2,"Stanley, isaac (67696938)","Richard, Paden (43822525)","Player 1 Win"
"Thursday Flesh and Blood Locals","June 9, 2022, 6:30 p.m.","False",3,"Hawks, Dakota (86729596)","Stanley, isaac (67696938)","Player 1 Win"
"ProQuest Q2 2022 Pack Fresh Hobby & Cards","June 4, 2022, 1 p.m.","True",1,"Stanley, isaac (67696938)","Knecht, Bryan (55254252)","Player 2 Win"
"ProQuest Q2 2022 Pack Fresh Hobby & Cards","June 4, 2022, 1 p.m.","True",2,"Mainzer, Jeremiah (88461242)","Stanley, isaac (67696938)","Player 1 Win"
"ProQuest Q2 2022 Pack Fresh Hobby & Cards","June 4, 2022, 1 p.m.","True",3,"Ryan, James (97259471)","Stanley, isaac (67696938)","Player 2 Win"
"ProQuest Q2 2022 Pack Fresh Hobby & Cards","June 4, 2022, 1 p.m.","True",4,"Knecht, Aiden (36832815)","Stanley, isaac (67696938)","Player 1 Win"
"ProQuest Q2 2022 Pack Fresh Hobby & Cards","June 4, 2022, 1 p.m.","True",5,"Stanley, isaac (67696938)","None","Player 1 Win"